episode,env_steps,score,ma20,epsilon,mean_loss,grad_steps,wall_clock_s,w0,w1,w2,lam_mean
1,46,182,182.0,0.9952,nan,0,0.1,10.0,10.0,10.0,1.0
2,94,188,185.0,0.9902,nan,0,0.2,10.0,10.0,10.0,1.0
3,153,235,201.66666666666666,0.984,nan,0,0.3,10.0,10.0,10.0,1.0
4,201,188,198.25,0.9789,nan,0,0.5,10.0,10.0,10.0,1.0
5,260,234,205.4,0.9727,nan,0,0.7,10.0,10.0,10.0,1.0
6,318,230,209.5,0.9665,nan,0,0.9,10.0,10.0,10.0,1.0
7,366,191,206.85714285714286,0.9615,nan,0,1.0,10.0,10.0,10.0,1.0
8,424,228,209.5,0.9554,nan,0,1.1,10.0,10.0,10.0,1.0
9,471,185,206.77777777777777,0.9504,nan,0,1.3,10.0,10.0,10.0,1.0
10,530,234,209.5,0.9442,nan,0,1.5,10.0,10.0,10.0,1.0
11,588,229,211.27272727272728,0.938,nan,0,1.7,10.0,10.0,10.0,1.0
12,646,229,212.75,0.9319,nan,0,2.0,10.0,10.0,10.0,1.0
13,692,182,210.3846153846154,0.9271,nan,0,2.1,10.0,10.0,10.0,1.0
14,750,229,211.71428571428572,0.9209,nan,0,2.3,10.0,10.0,10.0,1.0
15,796,183,209.8,0.9161,nan,0,2.5,10.0,10.0,10.0,1.0
16,843,185,208.25,0.9111,5.611081480979919,11,5.4,10.22482967376709,9.906764030456543,10.224037170410156,1.0026426315307617
17,901,231,209.58823529411765,0.905,2.4004176621635755,26,9.5,10.02060604095459,9.729303359985352,9.971099853515625,1.015931248664856
18,948,185,208.22222222222223,0.9,3.343238413333893,38,12.8,10.023933410644531,9.782488822937012,9.88751220703125,1.019826054573059
19,995,186,207.05263157894737,0.8951,3.5322239832444624,49,15.8,10.177302360534668,10.044883728027344,10.083942413330078,1.0312384366989136
20,1067,286,211.0,0.8875,3.968253175417582,67,20.5,10.21690845489502,10.109774589538574,10.153347969055176,1.0353665351867676
21,1114,185,211.15,0.8825,3.449905256430308,79,23.7,10.155312538146973,10.014209747314453,10.193536758422852,1.0305536985397339
22,1161,184,210.95,0.8776,4.187466899553935,91,26.9,10.226778984069824,10.02294921875,10.348587989807129,1.034218668937683
23,1208,185,208.45,0.8726,2.525374491388599,103,30.2,9.936776161193848,9.735743522644043,10.074748992919922,1.0125266313552856
24,1267,233,210.7,0.8664,1.0335400721856527,117,34.1,9.860297203063965,9.744043350219727,9.828207015991211,1.00559663772583
25,1316,192,208.6,0.8612,3.402152895927429,130,37.7,9.892725944519043,9.696894645690918,9.750283241271973,1.0082749128341675
26,1363,184,206.3,0.8562,2.847554228522561,141,41.1,9.710831642150879,9.45787525177002,9.611246109008789,1.0050851106643677
27,1421,229,208.2,0.8501,4.331983820597331,156,45.7,9.682766914367676,9.482501983642578,9.77902603149414,1.0042659044265747
28,1468,187,206.15,0.8452,4.073151210943858,168,49.2,9.65630054473877,9.460515022277832,9.979174613952637,1.0050355195999146
29,1529,240,208.9,0.8387,3.26236990292867,183,53.6,9.505958557128906,9.265268325805664,10.051844596862793,1.0143476724624634
30,1589,238,209.1,0.8324,1.6872954239447913,198,58.0,9.57551097869873,9.341658592224121,10.018402099609375,1.0151840448379517
31,1648,235,209.4,0.8262,1.9063697973887126,213,62.6,10.087919235229492,9.82362174987793,10.501862525939941,0.9990316033363342
32,1697,192,207.55,0.821,3.247507539888223,225,66.0,10.212981224060059,9.740917205810547,10.619359970092773,0.9907333254814148
33,1744,185,207.7,0.816,1.1001924288769562,237,69.5,10.199440956115723,9.588776588439941,10.372991561889648,0.9874114394187927
34,1801,227,207.6,0.81,3.7971045672893524,251,73.7,10.169930458068848,9.584790229797363,10.129528045654297,0.9881142973899841
35,1871,279,212.4,0.8026,3.520193478640388,268,78.6,10.226780891418457,9.653898239135742,10.09333610534668,0.9891284108161926
36,1918,185,212.4,0.7976,3.560416877269745,280,82.0,10.027985572814941,9.451080322265625,10.126360893249512,0.9760560989379883
37,1978,236,212.65,0.7913,1.2458079695701598,295,86.5,9.86563491821289,9.259842872619629,9.951065063476562,0.9656087756156921
38,2039,243,215.55,0.7849,2.568554131189982,310,90.9,9.997615814208984,9.386338233947754,9.913429260253906,0.976270854473114
39,2097,228,217.65,0.7788,3.427805852890015,325,95.2,10.310951232910156,9.725186347961426,10.131810188293457,0.9913711547851562
40,2145,191,212.9,0.7737,4.810726344585419,337,98.9,10.261350631713867,9.491053581237793,10.023972511291504,0.9916562438011169
41,2192,185,212.9,0.7687,2.8470967511336007,349,103.1,9.74631404876709,8.949711799621582,9.637299537658691,0.9900086522102356
42,2239,185,212.95,0.7638,2.086483532732183,360,106.5,9.446818351745605,8.717682838439941,9.544432640075684,0.9922555088996887
43,2297,231,215.25,0.7576,1.5533029834429424,375,111.3,9.389914512634277,8.695886611938477,9.592473030090332,0.9969317317008972
44,2356,234,215.3,0.7514,1.1336286862691243,390,115.8,9.266700744628906,8.587956428527832,9.544378280639648,1.0023705959320068
45,2415,232,217.3,0.7452,1.189179737653051,404,120.0,9.204463958740234,8.535269737243652,9.511214256286621,1.0120667219161987
46,2548,530,234.6,0.7311,2.3343839627854965,438,129.9,9.406911849975586,9.184523582458496,9.84942626953125,1.007940411567688
47,2607,234,234.85,0.7249,0.9993335242782321,452,133.9,9.489946365356445,9.448806762695312,9.893501281738281,1.0052989721298218
48,2654,185,234.75,0.72,1.3449088235696156,464,137.5,9.533644676208496,9.576603889465332,9.787872314453125,1.0035830736160278
49,2726,287,237.1,0.7124,1.702009219262335,482,142.9,9.66889476776123,9.74783992767334,9.882458686828613,1.0105019807815552
50,2798,284,239.4,0.7048,0.7414964727229543,500,148.3,9.811667442321777,9.805286407470703,9.80440616607666,1.009806752204895
51,2845,185,236.9,0.6998,0.5275139703104893,512,152.0,9.823141098022461,9.847095489501953,9.773775100708008,1.0078682899475098
52,2894,192,236.9,0.6946,0.5191508239756027,524,155.6,9.84969425201416,9.835152626037598,9.81727409362793,1.0064440965652466
53,2941,185,236.9,0.6897,0.652123311534524,536,159.5,9.890273094177246,9.808182716369629,9.850109100341797,1.004954218864441
54,2988,187,234.9,0.6847,0.4594841593255599,548,163.2,9.894331932067871,9.813607215881348,9.862712860107422,1.0034476518630981
55,3046,231,232.5,0.6786,0.674835098109075,562,167.4,9.870551109313965,9.820480346679688,9.867218017578125,1.0027048587799072
56,3093,185,232.5,0.6736,0.8463129621619979,574,170.9,9.855233192443848,9.858304023742676,9.911097526550293,1.004313349723816
57,3152,233,232.35,0.6674,0.7800810635089874,589,175.3,9.835956573486328,9.880366325378418,9.912193298339844,1.0072340965270996
58,3222,277,234.05,0.66,0.4892672624658136,606,181.3,9.851546287536621,9.891373634338379,9.912910461425781,1.0083171129226685
59,3270,191,232.2,0.6549,0.4301457532371084,618,184.8,9.902138710021973,9.879595756530762,9.894375801086426,1.0084357261657715
60,3317,185,231.9,0.65,0.9275455856695771,630,188.7,9.915019989013672,9.878470420837402,9.836991310119629,1.0080293416976929
61,3364,184,231.85,0.645,0.5781310126185417,642,192.1,9.909435272216797,9.891012191772461,9.802759170532227,1.0081977844238281
62,3434,278,236.5,0.6376,0.678106252104044,659,197.0,9.882135391235352,9.923726081848145,9.81839656829834,1.0103479623794556
63,3492,228,236.35,0.6315,0.7562593556940556,674,201.2,9.897147178649902,9.892685890197754,9.819971084594727,1.0115760564804077
64,3539,185,233.9,0.6265,0.4969854818826372,685,204.9,9.899691581726074,9.912341117858887,9.8374662399292,1.0137335062026978
65,3586,185,231.55,0.6216,0.40841125743463635,697,208.8,9.903491020202637,9.954646110534668,9.834626197814941,1.014468789100647
66,3669,328,221.45,0.6128,0.5560316528592791,718,216.1,9.884797096252441,9.989456176757812,9.752700805664062,1.0124188661575317
67,3716,187,219.1,0.6079,0.5592436504860719,730,220.1,9.880364418029785,9.951574325561523,9.798951148986816,1.0119657516479492
68,3764,188,219.25,0.6028,0.5867027466495832,742,224.1,9.904196739196777,9.94119930267334,9.80559253692627,1.014158844947815
69,3811,185,214.15,0.5978,0.6104368577626619,753,227.4,9.91958236694336,9.945685386657715,9.79186725616455,1.0155949592590332
70,3891,316,215.75,0.5894,0.6847601208835841,773,233.2,9.90849781036377,9.977948188781738,9.753373146057129,1.0214619636535645
71,3951,237,218.35,0.5831,0.4854810431599617,788,238.2,9.893217086791992,10.039044380187988,9.742094993591309,1.022818684577942
72,3999,191,218.3,0.578,0.5189243114242951,800,241.7,9.884322166442871,10.037036895751953,9.704811096191406,1.0231359004974365
73,4046,185,218.3,0.573,0.6094126971438527,812,245.5,9.85165786743164,9.999506950378418,9.723724365234375,1.0243303775787354
74,4094,191,218.5,0.568,0.383438643378516,824,249.3,9.859023094177246,10.007612228393555,9.725829124450684,1.025695562362671
75,4142,191,216.5,0.5629,0.41844454035162926,836,253.2,9.87578010559082,10.025876998901367,9.702920913696289,1.026114821434021
76,4226,332,223.85,0.554,0.3851966958138205,857,260.2,9.896336555480957,10.035861015319824,9.708562850952148,1.027119755744934
77,4272,182,221.3,0.5492,0.4432819463933508,869,263.8,9.895793914794922,10.02385139465332,9.670350074768066,1.0270226001739502
78,4319,187,216.8,0.5442,0.7135547883808613,880,267.4,9.86513614654541,10.047001838684082,9.645600318908691,1.0279111862182617
79,4472,609,237.7,0.5281,0.5122973591280289,919,279.3,9.879347801208496,10.07231616973877,9.634705543518066,1.0366297960281372
80,4520,191,238.0,0.523,0.7870230812113732,931,283.0,9.863462448120117,10.041658401489258,9.618570327758789,1.036359429359436
81,4579,233,240.45,0.5168,0.29674052141074625,945,287.1,9.873384475708008,10.053976058959961,9.658733367919922,1.0364443063735962
82,4638,232,238.15,0.5105,0.6698271200060845,960,291.6,9.863947868347168,10.076220512390137,9.635099411010742,1.0370229482650757
83,4686,191,236.3,0.5055,0.6451997902865211,972,295.6,9.845894813537598,10.11608600616455,9.65330982208252,1.0396828651428223
84,4744,229,238.5,0.4993,0.5379377868026495,987,300.3,9.860265731811523,10.115791320800781,9.628857612609863,1.0405209064483643
85,4802,231,240.8,0.4932,0.8413600708757129,1001,305.7,9.875100135803223,10.101542472839355,9.576735496520996,1.0403810739517212
86,4861,234,236.1,0.487,0.5441590903947751,1016,310.4,9.855356216430664,10.063475608825684,9.599493980407715,1.0408060550689697
87,4922,242,238.85,0.4806,0.5197896617154281,1031,315.6,9.835576057434082,10.02303695678711,9.602924346923828,1.0445791482925415
88,4982,236,241.25,0.4742,0.8429030081257224,1046,320.9,9.843439102172852,9.953628540039062,9.582737922668457,1.0468472242355347
89,5029,185,241.25,0.4693,0.9145105509087443,1058,324.8,9.870790481567383,9.930580139160156,9.587128639221191,1.0489319562911987
90,5077,189,234.9,0.4642,0.4139417655921231,1070,328.8,9.853229522705078,9.95849895477295,9.576533317565918,1.0517960786819458
91,5126,192,232.65,0.459,0.39890045082817477,1082,332.8,9.817143440246582,10.000362396240234,9.56722354888916,1.0536003112792969
92,5183,227,234.45,0.453,0.4277282745710441,1096,338.5,9.807412147521973,10.006257057189941,9.538002967834473,1.0543994903564453
93,5256,290,239.7,0.4453,0.35617928677483607,1115,344.6,9.846362113952637,10.024921417236328,9.503045082092285,1.0515578985214233
94,5304,188,239.55,0.4402,0.5919837029650807,1127,348.2,9.810243606567383,10.046303749084473,9.465625762939453,1.0516409873962402
95,5352,189,239.45,0.4352,0.45864360096553963,1139,352.1,9.785441398620605,10.07431411743164,9.52912712097168,1.0569595098495483
96,5399,186,232.15,0.4302,0.5146788812496446,1150,355.8,9.794719696044922,10.057315826416016,9.528928756713867,1.0565805435180664
97,5446,186,232.35,0.4253,0.4614294261361162,1162,359.7,9.828459739685059,10.075199127197266,9.48924446105957,1.0574530363082886
98,5493,185,232.25,0.4203,0.6425350815989077,1174,363.9,9.81724739074707,10.091716766357422,9.509963989257812,1.0604077577590942
99,5553,238,213.7,0.414,0.34681505983074506,1189,369.2,9.866877555847168,10.088932037353516,9.487100601196289,1.057782769203186
100,5601,189,213.6,0.4089,0.2660649636139472,1201,374.1,9.844390869140625,10.101410865783691,9.447710037231445,1.0547194480895996
101,5684,331,218.5,0.4001,0.38693781445423764,1222,381.4,9.791894912719727,10.087691307067871,9.533658027648926,1.0624192953109741
102,5767,328,223.3,0.3914,0.43363187415525317,1242,387.8,9.84268856048584,10.006471633911133,9.536831855773926,1.0614653825759888
103,5836,273,227.4,0.3841,0.37236462926699054,1260,393.7,9.825056076049805,9.9631929397583,9.501496315002441,1.056918978691101
104,5895,235,227.7,0.3779,0.3249681331217289,1274,398.6,9.827486991882324,10.002306938171387,9.516104698181152,1.0584412813186646
105,5954,232,227.75,0.3716,0.6451470057169596,1289,403.6,9.863760948181152,10.009366035461426,9.49589729309082,1.0613082647323608
106,6012,231,227.6,0.3655,0.5403816848993301,1304,408.3,9.858711242675781,10.004470825195312,9.449721336364746,1.0648812055587769
107,6060,190,225.0,0.3604,0.3722669283548991,1316,412.1,9.84968376159668,9.994316101074219,9.442018508911133,1.066653847694397
108,6108,190,222.7,0.3554,0.6681928277636567,1328,415.8,9.86440372467041,10.025110244750977,9.408740043640137,1.069501280784607
109,6157,192,223.05,0.3502,0.2779792898024122,1340,419.5,9.860475540161133,10.019299507141113,9.437115669250488,1.0701740980148315
110,6204,186,222.9,0.3452,0.4594811800246437,1352,423.7,9.844771385192871,10.045851707458496,9.405482292175293,1.0704096555709839
111,6403,793,252.95,0.3242,0.42559261312138064,1401,442.2,9.82652473449707,10.030245780944824,9.346224784851074,1.0731347799301147
112,6450,185,250.85,0.3193,0.26795044386138517,1413,447.0,9.83448600769043,10.021493911743164,9.345187187194824,1.0746432542800903
113,6499,192,245.95,0.3141,0.7472341287260255,1425,451.8,9.759969711303711,9.976154327392578,9.32865047454834,1.0751338005065918
114,6546,185,245.8,0.3091,0.505156805117925,1437,456.3,9.773634910583496,9.956353187561035,9.3755521774292,1.0791312456130981
115,6593,185,245.6,0.3042,0.42024344578385353,1449,460.9,9.823755264282227,9.927555084228516,9.316251754760742,1.077113151550293
116,6652,235,248.05,0.298,0.413862781226635,1464,466.3,9.815773963928223,9.96008586883545,9.28099250793457,1.0780619382858276
117,6724,284,252.95,0.2903,0.6035215453141265,1482,472.6,9.745304107666016,9.948904037475586,9.280191421508789,1.0836585760116577
118,6782,230,255.2,0.2842,0.42647913018507616,1496,478.0,9.88286304473877,9.973160743713379,9.323790550231934,1.0822590589523315
119,6829,185,252.55,0.2793,0.41070500078300637,1508,482.2,9.901336669921875,9.964655876159668,9.26522445678711,1.0793360471725464
120,6877,190,252.6,0.2742,0.6770927179604769,1520,486.4,9.91108512878418,10.030911445617676,9.278014183044434,1.0808525085449219
121,6925,191,245.6,0.2691,0.585712663208445,1532,490.7,9.892763137817383,10.023627281188965,9.272566795349121,1.082072138786316
122,6983,228,240.6,0.263,0.36997866524117334,1546,496.1,9.903076171875,9.992504119873047,9.2914400100708,1.0807510614395142
123,7041,231,238.5,0.2569,0.5221465997397899,1561,501.5,9.867027282714844,9.986405372619629,9.258162498474121,1.0840260982513428
124,7089,189,236.2,0.2518,0.40559695148840547,1573,506.0,9.852778434753418,9.892367362976074,9.348193168640137,1.0853350162506104
125,7159,279,238.55,0.2444,0.37266673673601713,1590,512.2,9.866454124450684,9.978287696838379,9.35264778137207,1.0851995944976807
126,7229,276,240.8,0.237,0.509264714188046,1608,518.9,9.784380912780762,9.927596092224121,9.361754417419434,1.0860437154769897
127,7277,191,240.85,0.232,0.28743467790385085,1620,522.9,9.850603103637695,9.929634094238281,9.32430648803711,1.0852504968643188
128,7324,185,240.6,0.227,0.58190953421096,1632,526.8,9.840041160583496,9.97148609161377,9.295291900634766,1.0863770246505737
129,7534,837,272.85,0.2049,0.3836196089306703,1684,545.2,9.9677095413208,9.970682144165039,9.172447204589844,1.085775375366211
130,7582,188,272.95,0.1998,0.5221449487532178,1696,549.2,9.935802459716797,9.95270824432373,9.220492362976074,1.0881720781326294
131,7656,295,248.05,0.192,0.38208083680977944,1715,555.8,9.915120124816895,9.886541366577148,9.23206615447998,1.0856608152389526
132,7704,188,248.2,0.1869,0.5451098084449768,1727,559.8,9.911161422729492,9.898027420043945,9.202850341796875,1.0857651233673096
133,7751,184,247.8,0.1819,0.882963007146662,1738,563.8,9.920378684997559,9.867238998413086,9.182883262634277,1.0886090993881226
134,7809,231,250.1,0.1758,0.6309068436423938,1753,569.3,9.943541526794434,9.93491268157959,9.229215621948242,1.0953017473220825
135,7857,191,250.4,0.1708,0.39277515684564906,1765,573.2,9.943370819091797,9.936625480651855,9.251668930053711,1.0968035459518433
136,7905,191,248.2,0.1657,0.4422952936341365,1777,577.3,9.951197624206543,9.984981536865234,9.248494148254395,1.098512053489685
137,8067,644,266.2,0.1486,0.40433483123779296,1817,591.5,9.933592796325684,9.83878231048584,9.104918479919434,1.0927788019180298
138,8115,191,264.25,0.1435,0.6962783789883057,1829,595.5,9.900018692016602,9.844504356384277,9.209891319274902,1.0984679460525513
139,8163,189,264.45,0.1385,0.28417338772366446,1841,599.5,9.95887565612793,9.87353515625,9.242947578430176,1.1032748222351074
140,8259,383,274.1,0.1283,0.6165482068900019,1865,607.9,9.995044708251953,9.830523490905762,9.13305377960205,1.101279854774475
141,8388,513,290.2,0.1147,0.3509644841154416,1898,619.4,9.994682312011719,9.874482154846191,9.244508743286133,1.1055866479873657
142,8435,185,288.05,0.1097,0.3177072304216298,1909,623.7,9.950592994689941,9.880508422851562,9.170303344726562,1.105056881904602
143,8493,231,288.05,0.1036,0.4819740151365598,1924,629.3,9.964076042175293,9.845900535583496,9.138275146484375,1.103452205657959
144,8706,851,321.15,0.0811,0.40245158998471386,1977,649.5,9.994743347167969,9.821346282958984,9.184633255004883,1.105463981628418
145,8825,475,330.95,0.0686,0.6666545939942201,2007,660.1,10.010393142700195,9.809027671813965,9.20018196105957,1.1124433279037476
146,8872,185,326.4,0.0636,0.4192690681666136,2019,664.3,10.093511581420898,9.859664916992188,9.214031219482422,1.112052083015442
147,8945,288,331.25,0.0559,0.4529686804032988,2037,671.3,10.101753234863281,9.881928443908691,9.242620468139648,1.1134949922561646
148,9027,324,338.2,0.05,0.5709456920623779,2057,679.8,10.07868480682373,9.833656311035156,9.246817588806152,1.118657112121582
149,9109,325,312.6,0.05,0.5891799353772685,2078,688.3,10.188512802124023,9.736339569091797,9.205212593078613,1.118280053138733
150,9156,185,312.45,0.05,0.414337952931722,2090,693.4,10.162384986877441,9.780227661132812,9.275761604309082,1.1181498765945435
151,9290,535,324.45,0.05,0.4936212913104982,2123,715.9,10.143695831298828,9.85485553741455,9.222498893737793,1.124904751777649
152,9337,185,324.3,0.05,0.8025046108911434,2135,720.4,10.158845901489258,9.879820823669434,9.095349311828613,1.123286247253418
153,9384,186,324.4,0.05,0.4241786350806554,2147,724.5,10.136056900024414,9.863152503967285,9.131549835205078,1.1225582361221313
154,9455,280,326.85,0.05,0.3665589679251699,2164,730.8,10.171627044677734,9.822818756103516,9.334433555603027,1.122989535331726
155,9571,463,340.45,0.05,0.5233541639714405,2193,741.5,10.122730255126953,9.70509147644043,9.211002349853516,1.1227298974990845
156,9619,188,340.3,0.05,0.5355853233486414,2205,745.8,10.068401336669922,9.720406532287598,9.184549331665039,1.1262236833572388
157,9703,334,324.8,0.05,0.30963118631570113,2226,753.9,10.100563049316406,9.764884948730469,9.190401077270508,1.1287469863891602
158,9841,550,342.75,0.05,0.6420948567134993,2261,766.1,10.082873344421387,9.724446296691895,9.23530387878418,1.1232880353927612
159,9888,185,342.55,0.05,0.6983652357012033,2273,770.3,10.114900588989258,9.697815895080566,9.247042655944824,1.1223613023757935
160,9935,184,332.6,0.05,0.377358549867164,2284,774.3,10.126402854919434,9.715045928955078,9.25313663482666,1.1223366260528564
161,9982,185,316.2,0.05,0.4445183426141739,2296,778.6,10.106710433959961,9.679832458496094,9.25942611694336,1.121881365776062
162,10029,185,316.2,0.05,0.6749167963862419,2308,782.9,10.085165023803711,9.623380661010742,9.256516456604004,1.1212821006774902
163,10087,228,316.05,0.05,0.3490388954856566,2322,787.9,10.053388595581055,9.688348770141602,9.267104148864746,1.1254688501358032
164,10134,185,282.75,0.05,0.41132687622060377,2334,792.4,10.023106575012207,9.702515602111816,9.196640968322754,1.1279065608978271
165,10206,286,273.3,0.05,0.5078896770460738,2352,798.9,10.110755920410156,9.71119499206543,9.278823852539062,1.1289058923721313
166,10301,378,282.95,0.05,0.4416255221391718,2376,808.2,10.095688819885254,9.619503021240234,9.353296279907227,1.129581093788147
167,10444,568,296.95,0.05,0.46651768156637746,2412,821.6,10.145707130432129,9.551868438720703,9.381853103637695,1.1359024047851562
168,10491,185,290.0,0.05,0.30747614496133546,2423,826.4,10.166496276855469,9.475375175476074,9.373494148254395,1.1347858905792236
169,10538,185,283.0,0.05,0.4658907682945331,2435,831.4,10.141383171081543,9.512491226196289,9.312002182006836,1.136878490447998
170,10632,374,292.45,0.05,0.33346504531800747,2459,841.0,10.087374687194824,9.561842918395996,9.24828815460205,1.1439203023910522
171,10691,234,277.4,0.05,0.3302384854427406,2473,846.6,10.115983963012695,9.549616813659668,9.173741340637207,1.146079421043396
172,10795,413,288.8,0.05,0.31821415559030497,2499,857.1,10.109790802001953,9.5604248046875,9.190999031066895,1.1481714248657227
173,10853,229,290.95,0.05,0.36861164346337316,2514,862.9,10.108951568603516,9.539908409118652,9.240463256835938,1.150455355644226
174,10911,230,288.45,0.05,0.3529894958649363,2528,868.4,10.195195198059082,9.58629035949707,9.308128356933594,1.151691198348999
175,10969,229,276.75,0.05,0.423828062415123,2543,873.9,10.100708961486816,9.521289825439453,9.242384910583496,1.1549259424209595
176,11027,230,278.85,0.05,0.47534463222005535,2557,879.5,10.134978294372559,9.572406768798828,9.303298950195312,1.1534031629562378
177,11074,185,271.4,0.05,0.6088497626284758,2569,884.8,10.149054527282715,9.495708465576172,9.327996253967285,1.1551522016525269
178,11238,655,276.65,0.05,0.47163235069048115,2610,901.7,10.063057899475098,9.4475736618042,9.30163860321045,1.1711574792861938
179,11285,185,276.65,0.05,0.31350365405281383,2622,906.4,10.11904239654541,9.519606590270996,9.331870079040527,1.1706302165985107
180,11358,288,281.85,0.05,0.4035924691706896,2640,913.3,10.064074516296387,9.550347328186035,9.328228950500488,1.1735142469406128
181,11416,228,284.0,0.05,0.5550884033242861,2655,919.4,10.164224624633789,9.574254035949707,9.361088752746582,1.1666938066482544
182,11511,376,293.55,0.05,0.42981198041335394,2678,927.8,10.17945671081543,9.483527183532715,9.34349536895752,1.1700202226638794
183,11606,379,301.1,0.05,0.32327163809289533,2702,936.1,10.229434967041016,9.539628028869629,9.411263465881348,1.1710234880447388
184,11654,190,301.35,0.05,0.1975634847767651,2714,940.6,10.22570514678955,9.523602485656738,9.399618148803711,1.1728148460388184
185,11702,188,296.45,0.05,0.26724739279598,2726,945.7,10.225286483764648,9.500846862792969,9.451228141784668,1.1735581159591675
186,11773,283,291.7,0.05,0.4595831868549188,2744,952.5,10.232625961303711,9.41513442993164,9.374673843383789,1.174702763557434
187,11832,233,274.95,0.05,0.5356095726291339,2759,958.2,10.271980285644531,9.508299827575684,9.458877563476562,1.172430396080017
188,11939,427,287.05,0.05,0.4693596105162914,2785,968.6,10.30675983428955,9.495141983032227,9.527073860168457,1.1726981401443481
189,12010,281,291.85,0.05,0.5359528900848495,2803,975.8,10.301544189453125,9.434331893920898,9.542181968688965,1.173614263534546
190,12094,332,289.75,0.05,0.3913800209051087,2824,984.0,10.228132247924805,9.44355583190918,9.419468879699707,1.180535912513733
191,12189,377,296.9,0.05,0.37156501536568004,2848,993.2,10.301525115966797,9.559992790222168,9.524271965026855,1.182371973991394
192,12236,185,285.5,0.05,0.31075923641522724,2860,997.7,10.323453903198242,9.506065368652344,9.489136695861816,1.186092495918274
193,12294,230,285.55,0.05,0.42677196407956736,2874,1003.2,10.35350227355957,9.570375442504883,9.436199188232422,1.188144564628601
194,12341,185,283.3,0.05,0.5788407530635595,2886,1007.8,10.381254196166992,9.570038795471191,9.515117645263672,1.1904000043869019
195,12401,236,283.65,0.05,0.46333556771278384,2901,1013.4,10.37221908569336,9.518136024475098,9.521817207336426,1.1929081678390503
196,12448,185,281.4,0.05,0.4992345245555043,2913,1017.9,10.351608276367188,9.517460823059082,9.4659423828125,1.1958088874816895
197,12506,230,283.65,0.05,0.46363038117332117,2927,1022.8,10.34917163848877,9.599183082580566,9.537113189697266,1.198405146598816
198,12564,229,262.35,0.05,0.48592159946759544,2942,1027.8,10.380316734313965,9.528216361999512,9.512533187866211,1.2003048658370972
199,12622,229,264.55,0.05,0.5483189496610846,2956,1032.9,10.411031723022461,9.551017761230469,9.478507041931152,1.200148582458496
200,12669,185,259.4,0.05,0.6634695281585058,2968,1037.2,10.430634498596191,9.554349899291992,9.564091682434082,1.201130747795105
201,12717,191,257.55,0.05,0.34134401256839436,2980,1041.5,10.352845191955566,9.502397537231445,9.552237510681152,1.2034518718719482
202,12775,229,250.2,0.05,0.3924617054206984,2994,1046.2,10.322755813598633,9.512263298034668,9.489224433898926,1.205721378326416
203,12822,185,240.5,0.05,0.5659398781135678,3006,1050.4,10.280024528503418,9.504825592041016,9.489307403564453,1.2036213874816895
204,12904,325,247.25,0.05,0.563247391865367,3027,1057.9,10.311779022216797,9.399864196777344,9.56354808807373,1.2026251554489136
205,12989,338,254.75,0.05,0.38262449027526946,3048,1065.7,10.27285385131836,9.462484359741211,9.500845909118652,1.2124621868133545
206,13037,189,250.05,0.05,0.29578076240917045,3060,1069.9,10.321433067321777,9.530695915222168,9.543611526489258,1.2108935117721558
207,13084,185,247.65,0.05,0.45439461960146826,3072,1074.1,10.285460472106934,9.514570236206055,9.518257141113281,1.2138718366622925
208,13132,188,235.7,0.05,0.6588203059509397,3084,1078.6,10.339839935302734,9.544926643371582,9.573074340820312,1.208563208580017
209,13286,612,252.25,0.05,0.397563837664692,3122,1092.7,10.307111740112305,9.512861251831055,9.513467788696289,1.2095575332641602
210,13369,331,252.2,0.05,0.4698097024645124,3143,1100.1,10.324861526489258,9.447793960571289,9.54410171508789,1.2052136659622192
211,13417,189,242.8,0.05,0.24997125255564848,3155,1104.5,10.273547172546387,9.470726013183594,9.570316314697266,1.210227370262146
212,13478,243,245.7,0.05,0.5815582354863484,3170,1110.0,10.325912475585938,9.515100479125977,9.53640079498291,1.2079232931137085
213,13536,231,245.75,0.05,0.5044273932774862,3185,1115.3,10.333073616027832,9.436662673950195,9.632003784179688,1.205154538154602
214,13583,185,245.75,0.05,0.4156919040463187,3196,1119.3,10.320685386657715,9.35426139831543,9.63503360748291,1.2070692777633667
215,13631,188,243.35,0.05,0.31976124209662277,3208,1124.2,10.309111595153809,9.33311939239502,9.569272994995117,1.209441065788269
216,13715,332,250.7,0.05,0.3890984099180925,3229,1132.2,10.281044960021973,9.395186424255371,9.514215469360352,1.2114369869232178
217,13774,232,250.8,0.05,0.7006383915742238,3244,1137.7,10.331130027770996,9.276029586791992,9.596742630004883,1.207565188407898
218,13954,719,275.3,0.05,0.3650378085672855,3289,1155.5,10.333980560302734,9.407755851745605,9.54432201385498,1.2164860963821411
219,14002,191,273.4,0.05,0.22582359022150436,3301,1160.4,10.323660850524902,9.429296493530273,9.651620864868164,1.215329885482788
220,14155,608,294.55,0.05,0.5079641644107667,3339,1176.1,10.338909149169922,9.393829345703125,9.611444473266602,1.2201955318450928
221,14335,716,320.8,0.05,0.42128162450260587,3384,1194.1,10.272364616394043,9.274918556213379,9.676509857177734,1.2228018045425415
222,14434,392,328.95,0.05,0.33809719532728194,3409,1205.5,10.28478717803955,9.207806587219238,9.730327606201172,1.223636269569397
223,14482,188,329.1,0.05,0.2848289789011081,3421,1210.4,10.274591445922852,9.286985397338867,9.708306312561035,1.2255231142044067
224,14555,290,327.35,0.05,0.3148702387180593,3439,1217.7,10.276057243347168,9.310125350952148,9.688629150390625,1.2253999710083008
225,14603,188,319.85,0.05,0.3424105979502201,3451,1222.5,10.281908988952637,9.355988502502441,9.709517478942871,1.2259851694107056
226,14671,271,323.95,0.05,0.34872223217697706,3468,1229.2,10.358819007873535,9.419370651245117,9.724696159362793,1.2211030721664429
227,14754,328,331.1,0.05,0.2929482523884092,3489,1238.3,10.251458168029785,9.347643852233887,9.658510208129883,1.227547287940979
228,14801,184,330.9,0.05,0.3227243709067504,3501,1243.2,10.255206108093262,9.347705841064453,9.726407051086426,1.223504900932312
229,14849,189,309.75,0.05,0.34134852544715005,3513,1248.3,10.245274543762207,9.385639190673828,9.767419815063477,1.2239967584609985
230,14896,186,302.5,0.05,0.6327806636691093,3525,1253.3,10.222137451171875,9.379135131835938,9.770956039428711,1.223275065422058
231,15003,426,314.35,0.05,0.380498573040733,3551,1263.8,10.300585746765137,9.44465160369873,9.828634262084961,1.2289105653762817
232,15051,188,311.6,0.05,0.3982085020591815,3563,1268.4,10.262405395507812,9.383164405822754,9.767256736755371,1.232365369796753
233,15110,234,311.75,0.05,0.5785898469388485,3578,1273.9,10.342495918273926,9.402809143066406,9.768296241760254,1.2277374267578125
234,15158,188,311.9,0.05,0.4622803417344888,3590,1278.4,10.302209854125977,9.40667724609375,9.850183486938477,1.2266178131103516
235,15206,191,312.05,0.05,0.4158141827210784,3602,1282.9,10.282694816589355,9.377161979675293,9.831978797912598,1.229244589805603
236,15253,185,304.7,0.05,0.5167254315068325,3614,1287.7,10.31786823272705,9.351673126220703,9.826891899108887,1.2301054000854492
237,15348,376,311.9,0.05,0.38345040706917644,3638,1297.2,10.32681655883789,9.28968620300293,9.857898712158203,1.2342785596847534
238,15418,276,289.75,0.05,0.44060955284272924,3655,1304.0,10.298178672790527,9.347328186035156,9.862651824951172,1.233446717262268
239,15466,189,289.65,0.05,0.44231438140074414,3667,1308.5,10.391779899597168,9.340415954589844,9.861705780029297,1.2312681674957275
240,15514,189,268.7,0.05,0.4160914657016595,3679,1312.9,10.398457527160645,9.28258991241455,9.85030746459961,1.2351146936416626
241,15588,292,247.5,0.05,0.3998843927524592,3698,1319.7,10.424825668334961,9.33788013458252,9.788564682006836,1.242307186126709
242,15684,380,246.9,0.05,0.31943070857475203,3722,1328.7,10.361084938049316,9.281966209411621,9.790021896362305,1.2458555698394775
243,15732,190,247.0,0.05,0.37361771302918595,3734,1333.1,10.287199020385742,9.296673774719238,9.817330360412598,1.2410677671432495
244,15802,278,246.4,0.05,0.3315473190125297,3751,1339.8,10.355924606323242,9.33254337310791,9.777853965759277,1.2363337278366089
245,15920,468,260.4,0.05,0.4154833971212308,3781,1351.1,10.423725128173828,9.20452880859375,9.820302963256836,1.2399067878723145
246,15967,185,256.1,0.05,0.38142013211141934,3792,1355.4,10.439828872680664,9.294975280761719,9.881845474243164,1.2401748895645142
247,16026,233,251.35,0.05,0.4649434223771095,3807,1361.3,10.513659477233887,9.32437515258789,9.827975273132324,1.2449569702148438
248,16109,328,258.55,0.05,0.39310732146813754,3828,1369.4,10.462326049804688,9.293888092041016,9.715874671936035,1.247039556503296
249,16158,192,258.7,0.05,0.6210690240065256,3840,1373.8,10.438883781433105,9.3045015335083,9.722260475158691,1.248062252998352
250,16206,188,258.8,0.05,0.5056278171638647,3852,1378.2,10.436298370361328,9.29294204711914,9.717879295349121,1.2514472007751465
251,16264,228,248.9,0.05,0.31162041003505386,3867,1384.0,10.357090950012207,9.250022888183594,9.66872787475586,1.2541335821151733
252,16311,187,248.85,0.05,0.4895461418411948,3878,1388.1,10.4085111618042,9.289392471313477,9.7147216796875,1.2495083808898926
253,16382,280,251.15,0.05,0.3858075990445084,3896,1394.9,10.320290565490723,9.212626457214355,9.636767387390137,1.2528448104858398
254,16442,236,253.55,0.05,0.3471114734808604,3911,1400.6,10.33945083618164,9.202298164367676,9.628009796142578,1.2496284246444702
255,16490,188,253.4,0.05,0.4917687699198723,3923,1405.0,10.41855239868164,9.218606948852539,9.686655044555664,1.2464501857757568
256,16548,228,255.55,0.05,0.3822871446609497,3938,1411.0,10.374388694763184,9.246990203857422,9.61583137512207,1.2499173879623413
257,16617,274,250.45,0.05,0.41639529059038444,3955,1417.9,10.380672454833984,9.228703498840332,9.660670280456543,1.256883978843689
258,16665,191,246.2,0.05,0.33457788452506065,3967,1422.2,10.355854034423828,9.277880668640137,9.702138900756836,1.2568494081497192
259,16713,188,246.15,0.05,0.37432937199870747,3979,1426.5,10.292374610900879,9.2750883102417,9.759501457214355,1.2579408884048462
260,16760,185,245.95,0.05,0.38599689056475955,3991,1431.1,10.294032096862793,9.278094291687012,9.730179786682129,1.256253957748413
261,16842,327,247.7,0.05,0.45286976378411054,4011,1438.8,10.279650688171387,9.257204055786133,9.655350685119629,1.2547607421875
262,16901,235,240.45,0.05,0.5287540843089421,4026,1444.7,10.289154052734375,9.257299423217773,9.736783981323242,1.2568219900131226
263,16948,186,240.25,0.05,0.2978938616191347,4038,1449.3,10.262680053710938,9.251068115234375,9.676750183105469,1.2617288827896118
264,16996,189,235.8,0.05,0.21116243675351143,4050,1454.1,10.22675609588623,9.231035232543945,9.737780570983887,1.2600663900375366
265,17042,182,221.5,0.05,0.31641301106322894,4061,1458.7,10.224929809570312,9.243426322937012,9.823179244995117,1.257473349571228
266,17091,192,221.85,0.05,0.5325320946673552,4073,1463.1,10.223472595214844,9.192442893981934,9.806424140930176,1.2592449188232422
267,17139,189,219.65,0.05,0.4595220337311427,4085,1467.7,10.297024726867676,9.158308982849121,9.734598159790039,1.2626299858093262
268,17186,185,212.5,0.05,0.5968926002581915,4097,1472.1,10.318694114685059,9.147195816040039,9.785268783569336,1.2647494077682495
269,17234,191,212.45,0.05,0.24107856613894305,4109,1476.4,10.321892738342285,9.264140129089355,9.766592979431152,1.2667299509048462
270,17281,185,212.3,0.05,0.7787650898098946,4121,1480.8,10.219521522521973,9.276981353759766,9.698155403137207,1.2692307233810425
271,17363,324,217.1,0.05,0.29922313466668127,4141,1488.2,10.293558120727539,9.2509183883667,9.730806350708008,1.268540382385254
272,17422,235,219.5,0.05,0.2921398098270098,4156,1494.0,10.266817092895508,9.294318199157715,9.690441131591797,1.2710659503936768
273,17469,185,214.75,0.05,0.5294886995106936,4168,1498.6,10.267195701599121,9.160186767578125,9.730978012084961,1.272618055343628
274,17529,239,214.9,0.05,0.30661534070968627,4183,1504.0,10.327622413635254,9.205347061157227,9.785666465759277,1.2687612771987915
275,17577,191,215.05,0.05,0.5329175740480423,4195,1508.7,10.34165096282959,9.117938995361328,9.79449462890625,1.2655115127563477
276,17625,191,213.2,0.05,0.30630131997168064,4207,1513.4,10.246017456054688,9.210535049438477,9.714116096496582,1.2694623470306396
277,17672,185,208.75,0.05,0.5310022138680021,4219,1518.2,10.233482360839844,9.173587799072266,9.628186225891113,1.271213173866272
278,17719,187,208.55,0.05,0.48241419141942804,4230,1522.4,10.41328239440918,9.158576965332031,9.734622955322266,1.2663475275039673
279,17767,189,208.6,0.05,0.5070787128061056,4242,1526.9,10.430243492126465,9.191093444824219,9.731650352478027,1.268499493598938
280,17814,186,208.65,0.05,0.33174851660927135,4254,1531.6,10.365283966064453,9.25778579711914,9.72262954711914,1.271931767463684
281,17861,187,201.65,0.05,0.5592834390699863,4266,1536.6,10.308648109436035,9.199235916137695,9.723492622375488,1.2721128463745117
282,17909,189,199.35,0.05,0.44274474307894707,4278,1541.5,10.361937522888184,9.20068359375,9.68310546875,1.2716217041015625
283,17957,191,199.6,0.05,0.3111519481365879,4290,1546.1,10.277022361755371,9.312652587890625,9.641197204589844,1.2730387449264526
284,18016,234,201.85,0.05,0.44017910261948906,4305,1551.7,10.299606323242188,9.23105239868164,9.634078979492188,1.2735923528671265
285,18099,331,209.3,0.05,0.3723193995654583,4325,1559.4,10.216026306152344,9.313414573669434,9.747658729553223,1.2746156454086304
286,18181,326,216.0,0.05,0.3444096880654494,4346,1566.9,10.277302742004395,9.23254680633545,9.631027221679688,1.275297999382019
287,18266,336,223.35,0.05,0.35299432561511085,4367,1574.3,10.29151439666748,9.22754955291748,9.758695602416992,1.2743828296661377
288,18325,233,225.75,0.05,0.3794615387916565,4382,1579.4,10.175841331481934,9.1834077835083,9.68747615814209,1.2783985137939453
289,18384,233,227.85,0.05,0.4396892637014389,4397,1584.5,10.237473487854004,9.22147274017334,9.783319473266602,1.273342251777649
290,18432,188,228.0,0.05,0.34738928203781444,4409,1588.8,10.289796829223633,9.297451972961426,9.814498901367188,1.273042917251587
291,18517,337,228.65,0.05,0.5115602734897818,4430,1596.0,10.330602645874023,9.183232307434082,9.580007553100586,1.276471495628357
292,18575,229,228.35,0.05,0.4397584338273321,4444,1601.0,10.390289306640625,9.25566577911377,9.718682289123535,1.2723419666290283
293,18623,190,228.6,0.05,0.5467355841149887,4456,1605.1,10.419301986694336,9.225370407104492,9.719708442687988,1.273831844329834
294,18670,185,225.9,0.05,0.3845780075838168,4468,1609.2,10.389971733093262,9.257915496826172,9.61137866973877,1.2757374048233032
295,18718,190,225.85,0.05,0.3760323282331228,4480,1613.6,10.357943534851074,9.268025398254395,9.631736755371094,1.2772852182388306
296,18765,187,225.65,0.05,0.34405021586765844,4492,1618.0,10.392285346984863,9.254685401916504,9.707793235778809,1.2786446809768677
297,18812,185,225.65,0.05,0.4993444873640935,4504,1622.8,10.321554183959961,9.25474739074707,9.676631927490234,1.27994704246521
298,18873,240,228.3,0.05,0.3220660413304965,4519,1628.6,10.371655464172363,9.270010948181152,9.721874237060547,1.2794740200042725
299,18921,188,228.25,0.05,0.40266791948427755,4531,1633.7,10.276269912719727,9.3019380569458,9.759392738342285,1.2784188985824585
300,18981,237,230.8,0.05,0.5810494720935822,4546,1639.7,10.28752326965332,9.194897651672363,9.811822891235352,1.279154896736145
301,19028,186,230.75,0.05,0.46075035880009335,4558,1644.3,10.235254287719727,9.251348495483398,9.822296142578125,1.2788749933242798
302,19074,183,230.45,0.05,0.5507251146164808,4569,1648.4,10.141252517700195,9.225510597229004,9.841558456420898,1.2826111316680908
303,19132,231,232.45,0.05,0.4524204909801483,4584,1653.9,10.104097366333008,9.194855690002441,9.713839530944824,1.2867079973220825
304,19180,191,230.3,0.05,0.45739575165013474,4596,1658.8,10.139516830444336,9.285211563110352,9.67601203918457,1.2845200300216675
305,19227,186,223.05,0.05,0.545470078560439,4607,1663.1,10.15725326538086,9.254229545593262,9.688694953918457,1.2818279266357422
306,19274,187,216.1,0.05,0.29287716932594776,4619,1667.8,10.152029037475586,9.303536415100098,9.752586364746094,1.2819687128067017
307,19322,189,208.75,0.05,0.32707466557621956,4631,1672.5,10.097167015075684,9.292258262634277,9.683382987976074,1.280726671218872
308,19392,278,211.0,0.05,0.544046002957556,4649,1679.4,10.064627647399902,9.278667449951172,9.675692558288574,1.2849700450897217
309,19439,185,208.6,0.05,0.25079798461361363,4660,1683.6,9.991626739501953,9.325146675109863,9.77426815032959,1.2855091094970703
310,19487,188,208.6,0.05,0.32847569324076176,4672,1688.5,9.999310493469238,9.313312530517578,9.87569522857666,1.2875322103500366
311,19535,188,201.15,0.05,0.3747114383925994,4684,1692.8,9.986903190612793,9.341675758361816,9.781078338623047,1.2893308401107788
312,19632,384,208.9,0.05,0.3538660603761673,4709,1702.0,10.0596923828125,9.344715118408203,9.716736793518066,1.2876149415969849
313,19679,186,208.7,0.05,0.38406997377222235,4720,1706.2,10.069355964660645,9.292903900146484,9.75440788269043,1.2847155332565308
314,19726,185,208.7,0.05,0.6728313490748405,4732,1710.4,10.074636459350586,9.330024719238281,9.828283309936523,1.2868417501449585
315,19774,191,208.75,0.05,0.4608813527350624,4744,1715.0,10.097442626953125,9.303553581237793,9.855100631713867,1.2868683338165283
316,19821,186,208.7,0.05,0.31707620061933994,4756,1719.5,10.064017295837402,9.337491989135742,9.802412033081055,1.2910536527633667
317,19879,229,210.9,0.05,0.2499881610274315,4770,1724.8,10.07382583618164,9.364983558654785,9.671311378479004,1.2971516847610474
318,19926,186,208.2,0.05,0.3044441466530164,4782,1729.3,10.04427433013916,9.30897045135498,9.595427513122559,1.2978801727294922
319,19973,185,208.05,0.05,0.4591534920036793,4794,1733.6,9.938692092895508,9.268136024475098,9.705453872680664,1.2953670024871826
320,20021,190,205.7,0.05,0.3059384739026427,4806,1738.2,9.86616325378418,9.290885925292969,9.790392875671387,1.2958760261535645
