episode,env_steps,reward,ma100,epsilon,mean_loss,wall_clock_s
1,18,18.0,18.0,0.9991585,nan,0.002
2,32,14.0,16.0,0.9984655,nan,0.003
3,49,17.0,16.333333333333332,0.997624,nan,0.004
4,75,26.0,18.75,0.996337,nan,0.006
5,109,34.0,21.8,0.994654,nan,0.008
6,136,27.0,22.666666666666668,0.9933175,nan,0.012
7,196,60.0,28.0,0.9903475,nan,0.016
8,215,19.0,26.875,0.989407,nan,0.018
9,231,16.0,25.666666666666668,0.988615,nan,0.02
10,250,19.0,25.0,0.9876745,nan,0.021
11,274,24.0,24.90909090909091,0.9864865,nan,0.023
12,286,12.0,23.833333333333332,0.9858925,nan,0.025
13,305,19.0,23.46153846153846,0.984952,nan,0.028
14,326,21.0,23.285714285714285,0.9839125,nan,0.029
15,340,14.0,22.666666666666668,0.9832195,nan,0.03
16,353,13.0,22.0625,0.982576,nan,0.033
17,372,19.0,21.88235294117647,0.9816355,nan,0.033
18,398,26.0,22.11111111111111,0.9803485,nan,0.036
19,416,18.0,21.894736842105264,0.9794575,nan,0.037
20,436,20.0,21.8,0.9784675,nan,0.039
21,457,21.0,21.761904761904763,0.977428,nan,0.04
22,469,12.0,21.318181818181817,0.976834,nan,0.041
23,479,10.0,20.82608695652174,0.976339,nan,0.041
24,506,27.0,21.083333333333332,0.9750025,nan,0.046
25,517,11.0,20.68,0.974458,nan,0.047
26,546,29.0,21.0,0.9730225,nan,0.051
27,560,14.0,20.74074074074074,0.9723295,nan,0.052
28,593,33.0,21.178571428571427,0.970696,nan,0.054
29,609,16.0,21.0,0.969904,nan,0.055
30,621,12.0,20.7,0.96931,nan,0.056
31,635,14.0,20.483870967741936,0.968617,nan,0.057
32,664,29.0,20.75,0.9671815,nan,0.058
33,682,18.0,20.666666666666668,0.9662905,nan,0.06
34,695,13.0,20.441176470588236,0.965647,nan,0.061
35,737,42.0,21.057142857142857,0.963568,nan,0.065
36,753,16.0,20.916666666666668,0.962776,nan,0.066
37,770,17.0,20.81081081081081,0.9619345,nan,0.068
38,786,16.0,20.68421052631579,0.9611425,nan,0.07
39,816,30.0,20.923076923076923,0.9596575,nan,0.071
40,828,12.0,20.7,0.9590635,nan,0.073
41,866,38.0,21.121951219512194,0.9571825,nan,0.076
42,876,10.0,20.857142857142858,0.9566875,nan,0.077
43,917,41.0,21.325581395348838,0.954658,nan,0.081
44,955,38.0,21.704545454545453,0.952777,nan,0.086
45,980,25.0,21.77777777777778,0.9515395,nan,0.092
46,996,16.0,21.652173913043477,0.9507475,nan,0.092
47,1007,11.0,21.425531914893618,0.950203,0.9983722493052483,0.139
48,1027,20.0,21.395833333333332,0.949213,0.49399720802903174,0.222
49,1039,12.0,21.20408163265306,0.948619,0.6748357427616914,0.27
50,1060,21.0,21.2,0.9475795,0.26069328579164686,0.367
51,1079,19.0,21.15686274509804,0.946639,0.5864542263903116,0.437
52,1106,27.0,21.26923076923077,0.9453025,0.7323727362133838,0.551
53,1119,13.0,21.11320754716981,0.944659,0.911713351853765,0.608
54,1128,9.0,20.88888888888889,0.9442135,1.7679172886742487,0.677
55,1149,21.0,20.89090909090909,0.943174,1.1348457002923602,0.786
56,1166,17.0,20.821428571428573,0.9423325,1.9316218293765013,0.849
57,1180,14.0,20.70175438596491,0.9416395,1.6938053984194994,0.904
58,1202,22.0,20.724137931034484,0.9405505,1.2446170908991585,0.993
59,1216,14.0,20.610169491525422,0.9398575,3.0541741512715816,1.043
60,1226,10.0,20.433333333333334,0.9393625,2.4814387798309325,1.084
61,1252,26.0,20.524590163934427,0.9380755000000001,1.9924323790921614,1.206
62,1268,16.0,20.451612903225808,0.9372834999999999,3.0016724299639463,1.267
63,1285,17.0,20.396825396825395,0.936442,2.188907769453876,1.344
64,1321,36.0,20.640625,0.93466,2.494467943078942,1.463
65,1336,15.0,20.553846153846155,0.9339175,2.8127044240633645,1.499
66,1353,17.0,20.5,0.933076,2.4210593700408936,1.529
67,1386,33.0,20.686567164179106,0.9314425,3.6317501031991206,1.586
68,1456,70.0,21.41176470588235,0.9279775,2.3542066686919756,1.692
69,1475,19.0,21.3768115942029,0.927037,2.3260553698790702,1.717
70,1522,47.0,21.742857142857144,0.9247105,2.3573197219917117,1.786
71,1546,24.0,21.774647887323944,0.9235225,1.5736093980570633,1.82
72,1586,40.0,22.02777777777778,0.9215425,2.4568180471658705,1.881
73,1608,22.0,22.027397260273972,0.9204535,3.2484365593303335,1.918
74,1620,12.0,21.89189189189189,0.9198595,3.8519915541013083,1.945
75,1631,11.0,21.746666666666666,0.919315,2.771908857605674,1.968
76,1680,49.0,22.105263157894736,0.9168895,2.5528881099759317,2.05
77,1696,16.0,22.025974025974026,0.9160975,2.6644715890288353,2.074
78,1735,39.0,22.243589743589745,0.914167,2.751788778182788,2.13
79,1754,19.0,22.20253164556962,0.9132264999999999,1.7877159024539746,2.157
80,1794,40.0,22.425,0.9112465,3.339622417092323,2.214
81,1821,27.0,22.48148148148148,0.90991,4.178773153711249,2.251
82,1835,14.0,22.378048780487806,0.9092169999999999,3.7210206176553453,2.272
83,1863,28.0,22.44578313253012,0.907831,4.1302250772714615,2.317
84,1879,16.0,22.36904761904762,0.907039,2.08901459723711,2.339
85,1931,52.0,22.71764705882353,0.904465,4.4589844942092896,2.418
86,1943,12.0,22.593023255813954,0.903871,3.3763423462708793,2.435
87,1974,31.0,22.689655172413794,0.9023365,3.8492490956860204,2.477
88,2030,56.0,23.068181818181817,0.8995645,3.571007081440517,2.564
89,2090,60.0,23.48314606741573,0.8965945,3.6011895750959715,2.679
90,2156,66.0,23.955555555555556,0.8933275,3.7970009644826255,2.784
91,2180,24.0,23.956043956043956,0.8921395,4.438904322683811,2.82
92,2212,32.0,24.043478260869566,0.8905555,3.581137073226273,2.886
93,2276,64.0,24.473118279569892,0.8873875,6.031641421839595,2.974
94,2295,19.0,24.414893617021278,0.886447,5.498743101170189,3.0
95,2349,54.0,24.726315789473684,0.883774,8.423388094813735,3.073
96,2363,14.0,24.614583333333332,0.883081,6.542076511042459,3.092
97,2391,28.0,24.649484536082475,0.881695,6.09053721172469,3.135
98,2406,15.0,24.551020408163264,0.8809525,5.049644875526428,3.157
99,2426,20.0,24.505050505050505,0.8799625,4.052412629127502,3.188
100,2441,15.0,24.41,0.87922,8.21140683889389,3.211
101,2458,17.0,24.4,0.8783785,7.417902336401098,3.236
102,2472,14.0,24.4,0.8776855,14.260624195848193,3.256
103,2502,30.0,24.53,0.8762005,13.609481461842854,3.298
104,2515,13.0,24.4,0.875557,18.912028074264526,3.316
105,2537,22.0,24.28,0.874468,10.224022019993175,3.347
106,2576,39.0,24.4,0.8725375,11.13903408478468,3.401
107,2644,68.0,24.48,0.8691715,13.777113583158044,3.495
108,2658,14.0,24.43,0.8684785,5.122209548950195,3.514
109,2681,23.0,24.5,0.86734,8.883746292280113,3.546
110,2700,19.0,24.5,0.8663995,14.044595310562535,3.571
111,2759,59.0,24.85,0.863479,14.793906260344942,3.654
112,2807,48.0,25.21,0.861103,12.884603954851627,3.724
113,2839,32.0,25.34,0.859519,15.580437280237675,3.769
114,2854,15.0,25.28,0.8587765,9.770429114500681,3.789
115,2945,91.0,26.05,0.854272,15.408976590240394,3.922
116,2956,11.0,26.03,0.8537275,15.082271023230119,3.943
117,2980,24.0,26.08,0.8525395,13.11103923122088,3.978
118,3004,24.0,26.06,0.8513515,22.801216175158817,4.011
119,3017,13.0,26.01,0.850708,14.303679191149199,4.028
120,3081,64.0,26.45,0.84754,22.084769494831562,4.117
121,3114,33.0,26.57,0.8459065,19.38154665629069,4.161
122,3128,14.0,26.59,0.8452135000000001,22.634242125919886,4.181
123,3140,12.0,26.61,0.8446195,19.28581150372823,4.197
124,3161,21.0,26.55,0.84358,18.000064656848,4.225
125,3186,25.0,26.69,0.8423425,21.634188022613525,4.258
126,3223,37.0,26.77,0.840511,21.162891387939453,4.308
127,3278,55.0,27.18,0.8377885,27.65547647476196,4.379
128,3291,13.0,26.98,0.837145,36.26537011219905,4.397
129,3314,23.0,27.05,0.8360065,25.435955368954204,4.432
130,3340,26.0,27.19,0.8347195000000001,22.455951690673828,4.477
131,3355,15.0,27.2,0.833977,28.988009929656982,4.503
132,3371,16.0,27.07,0.833185,13.59323938190937,4.529
133,3390,19.0,27.08,0.8322445,32.10016151478416,4.561
134,3413,23.0,27.18,0.831106,25.79465296994085,4.596
135,3439,26.0,27.02,0.829819,21.742695019795345,4.636
136,3458,19.0,27.05,0.8288785,47.91748004210623,4.662
137,3556,98.0,27.86,0.8240275,54.44365723279058,4.823
138,3568,12.0,27.82,0.8234334999999999,31.04166014989217,4.84
139,3586,18.0,27.7,0.8225425,50.55849321683248,4.865
140,3601,15.0,27.73,0.8218,63.78765796025594,4.887
141,3638,37.0,27.72,0.8199685,40.16075386872163,4.938
142,3667,29.0,27.91,0.818533,30.376508351030022,4.979
143,3699,32.0,27.82,0.8169489999999999,42.040026150643826,5.024
144,3768,69.0,28.13,0.8135335,65.17962110215339,5.118
145,3782,14.0,28.02,0.8128405,27.48023659842355,5.136
146,3828,46.0,28.32,0.8105635,61.1945390286653,5.201
147,3882,54.0,28.75,0.8078905000000001,54.4588290143896,5.275
148,3921,39.0,28.94,0.80596,51.61320292644012,5.328
149,3954,33.0,29.15,0.8043264999999999,68.21794801769835,5.375
150,3970,16.0,29.1,0.8035345,68.27254211902618,5.397
151,4009,39.0,29.3,0.801604,62.23000717163086,5.452
152,4031,22.0,29.25,0.800515,104.75873327255249,5.482
153,4081,50.0,29.62,0.7980400000000001,83.67464540481568,5.549
154,4099,18.0,29.71,0.797149,69.0856237411499,5.575
155,4159,60.0,30.1,0.794179,56.87375014623006,5.656
156,4175,16.0,30.09,0.7933870000000001,23.4150892496109,5.683
157,4190,15.0,30.1,0.7926445,181.59503587086996,5.704
158,4205,15.0,30.03,0.791902,138.5204039255778,5.725
159,4277,72.0,30.61,0.788338,78.21818259027269,5.838
160,4296,19.0,30.7,0.7873975,100.21729444202624,5.87
161,4334,38.0,30.82,0.7855165,109.07131951733639,5.926
162,4345,11.0,30.77,0.784972,82.32839159532027,5.941
163,4386,41.0,31.01,0.7829425,123.50552514704262,6.006
164,4412,26.0,30.91,0.7816555000000001,159.8432084597074,6.044
165,4453,41.0,31.17,0.779626,89.8102801718363,6.104
166,4474,21.0,31.21,0.7785865000000001,45.195923941476,6.134
167,4510,36.0,31.24,0.7768045,67.9147413306766,6.186
168,4638,128.0,31.82,0.7704685,131.89044799283147,6.364
169,4695,57.0,32.2,0.767647,79.26297097457082,6.445
170,4740,45.0,32.18,0.7654195,210.77325882381862,6.508
171,4773,33.0,32.27,0.763786,113.75707400928844,6.554
172,4789,16.0,32.03,0.762994,77.72344934940338,6.576
173,4810,21.0,32.02,0.7619545,159.8402848016648,6.605
174,4825,15.0,32.05,0.761212,86.82114143371582,6.627
175,4838,13.0,32.07,0.7605685,330.77721346341644,6.652
176,4886,48.0,32.06,0.7581925,165.7849648197492,6.728
177,4909,23.0,32.13,0.757054,261.575427096823,6.764
178,4923,14.0,31.88,0.756361,116.96805804116386,6.785
179,4936,13.0,31.82,0.7557175,127.43967070946327,6.804
180,4953,17.0,31.59,0.754876,262.1764268314137,6.828
181,5014,61.0,31.93,0.7518565,141.25495160212282,6.914
182,5072,58.0,32.37,0.7489855000000001,195.10804256899604,6.994
183,5183,111.0,33.2,0.743491,111.1390622972368,7.165
184,5235,52.0,33.56,0.740917,159.7646773961874,7.247
185,5257,22.0,33.26,0.739828,90.01299667358398,7.28
186,5287,30.0,33.44,0.738343,185.24210828145345,7.32
187,5351,64.0,33.77,0.7351749999999999,122.79472127556801,7.411
188,5433,82.0,34.03,0.731116,175.42219915622618,7.525
189,5468,35.0,33.78,0.7293835,165.2106834411621,7.574
190,5505,37.0,33.49,0.727552,228.99279063456768,7.624
191,5578,73.0,33.98,0.7239385,263.54129963704986,7.727
192,5631,53.0,34.19,0.721315,188.95906038104363,7.803
193,5647,16.0,33.71,0.720523,811.0555872917175,7.826
194,5760,113.0,34.65,0.7149295,269.5989588509619,7.982
195,5779,19.0,34.3,0.713989,336.2374685187089,8.007
196,5845,66.0,34.82,0.710722,285.564125104384,8.096
197,5881,36.0,34.9,0.70894,308.21327273050946,8.145
198,5953,72.0,35.47,0.705376,215.41147168477377,8.244
199,6115,162.0,36.89,0.697357,211.85332324769763,8.482
200,6134,19.0,36.93,0.6964165,265.74599938643604,8.51
201,6279,145.0,38.21,0.6892389999999999,360.6982016201677,8.738
202,6289,10.0,38.17,0.688744,240.85437088012696,8.759
203,6347,58.0,38.45,0.685873,252.97665872245,8.882
204,6376,29.0,38.61,0.6844375,436.80367160665577,8.928
205,6415,39.0,38.78,0.682507,376.5175066727858,8.991
206,6439,24.0,38.63,0.681319,265.0549826622009,9.031
207,6539,100.0,38.95,0.676369,423.9103427124023,9.183
208,6568,29.0,39.1,0.6749335000000001,426.55642174030174,9.229
209,6591,23.0,39.1,0.6737949999999999,415.99187635338825,9.262
210,6607,16.0,39.07,0.673003,241.55279898643494,9.285
211,6676,69.0,39.17,0.6695875,369.23001972143203,9.394
212,6758,82.0,39.51,0.6655285,470.00206798460425,9.531
213,6817,59.0,39.78,0.6626080000000001,413.564225988873,9.618
214,7031,214.0,41.77,0.652015,492.5051021397671,9.988
215,7078,47.0,41.33,0.6496885,466.1656848014669,10.057
216,7184,106.0,42.28,0.6444415,512.7897888039643,10.216
217,7195,11.0,42.15,0.6438969999999999,334.91519650545985,10.232
218,7337,142.0,43.33,0.636868,505.6049665531642,10.447
219,7378,41.0,43.61,0.6348385,765.1481855438976,10.505
220,7442,64.0,43.61,0.6316705,564.4472473859787,10.608
221,7485,43.0,43.71,0.629542,323.76347830129225,10.672
222,7517,32.0,43.89,0.627958,465.8751301765442,10.719
223,7694,177.0,45.54,0.6191965,615.1796149129922,11.03
224,7844,150.0,46.83,0.6117715,582.3555764770508,11.288
225,7907,63.0,47.21,0.608653,571.6935263739692,11.378
226,7969,62.0,47.46,0.605584,919.2728559432492,11.473
227,8147,178.0,48.69,0.596773,520.7863263333782,11.744
228,8227,80.0,49.36,0.592813,607.4461050987244,11.854
229,8428,201.0,51.14,0.5828635,520.7382138759936,12.145
230,8524,96.0,51.84,0.5781115000000001,595.7410119771957,12.281
231,8706,182.0,53.51,0.5691025,725.6859475858919,12.554
232,8761,55.0,53.9,0.56638,1178.4384932084517,12.638
233,8933,172.0,55.43,0.557866,851.2434403175531,12.889
234,9096,163.0,56.83,0.5497974999999999,669.7534183431989,13.122
235,9154,58.0,57.15,0.5469265,1369.8392660206762,13.204
236,9634,480.0,61.76,0.5231665,1016.5793730815252,13.958
237,9854,220.0,62.98,0.5122765,882.3177720503373,14.28
238,10218,364.0,66.5,0.49425849999999993,935.9314233968546,14.801
239,10462,244.0,68.76,0.4821805,1866.3093579714416,15.177
240,10923,461.0,73.22,0.459361,1071.590796861628,15.845
241,11019,96.0,73.81,0.45460900000000004,1152.7786273956299,15.988
242,11273,254.0,76.06,0.442036,1254.2821886558233,16.376
243,11376,103.0,76.77,0.4369375,1122.4928808119691,16.526
244,11627,251.0,78.59,0.4245129999999999,1168.5841444707012,16.898
245,11742,115.0,79.6,0.41882050000000004,1791.8439287932022,17.079
246,11756,14.0,79.28,0.4181275,622.5381426130023,17.099
247,11804,48.0,79.22,0.41575150000000005,1405.1633087793987,17.17
248,11861,57.0,79.4,0.41293,832.3888399224533,17.254
249,12084,223.0,81.3,0.40189150000000007,1019.5545304131615,17.643
250,12403,319.0,84.33,0.386101,1155.7564121951877,18.094
251,12663,260.0,86.54,0.373231,1374.5736478071947,18.454
252,12907,244.0,88.76,0.36115300000000006,922.2306031399086,18.816
253,13098,191.0,90.17,0.3516984999999999,803.1193022003973,19.094
254,13326,228.0,92.27,0.3404125,752.5495374244556,19.413
255,13550,224.0,93.91,0.3293245,1379.3327284881047,19.729
256,13764,214.0,95.89,0.31873149999999995,1108.3394786799065,20.039
257,13975,211.0,97.85,0.308287,1071.6043656516415,20.375
258,14262,287.0,100.57,0.2940805000000001,905.4980503574066,20.79
259,14457,195.0,101.8,0.284428,591.3285294752854,21.102
260,14712,255.0,104.16,0.2718054999999999,941.0063403709262,21.519
261,15015,303.0,106.81,0.256807,1008.5524402970922,21.995
262,15333,318.0,109.88,0.2410660000000001,542.2127611082304,22.458
263,15596,263.0,112.1,0.22804749999999996,697.5748304105983,22.885
264,15637,41.0,112.25,0.22601799999999994,1261.9072481713645,22.944
265,15873,236.0,114.2,0.21433600000000008,930.8641621217889,23.28
266,16103,230.0,116.29,0.202951,479.33301504798555,23.609
267,16346,243.0,118.36,0.1909225,781.0804112889639,23.963
268,16714,368.0,120.76,0.17270649999999999,393.8575301299924,24.572
269,17113,399.0,124.18,0.15295599999999998,495.5857771679871,25.23
270,17287,174.0,125.47,0.144343,399.3650918637199,25.497
271,17500,213.0,127.27,0.13379949999999996,697.768569256778,25.806
272,18000,500.0,132.11,0.10904950000000002,289.13183141613007,26.549
273,18493,493.0,136.83,0.084646,183.1007169284395,27.301
274,18993,500.0,141.68,0.05989600000000006,219.95764458560944,28.04
275,19203,210.0,143.65,0.04950100000000002,248.1061026482355,28.349
276,19703,500.0,148.17,0.02475100000000008,172.97765804862976,29.108
277,19898,195.0,149.89,0.015098500000000015,232.5395661354065,29.426
278,20398,500.0,154.75,0.01,155.32718234586716,30.168
279,20643,245.0,157.07,0.01,88.76936504305625,30.54
280,21143,500.0,161.9,0.01,74.40335591197014,31.299
281,21638,495.0,166.24,0.01,64.21933434996942,32.124
282,22138,500.0,170.66,0.01,77.82541289842129,32.935
283,22638,500.0,174.55,0.01,42.17160314369202,33.774
284,23138,500.0,179.03,0.01,26.836910056233407,34.53
285,23638,500.0,183.81,0.01,33.21221106886864,35.325
286,24138,500.0,188.51,0.01,23.01190793275833,37.373
287,24638,500.0,192.87,0.01,13.11130854511261,39.779
288,25138,500.0,197.05,0.01,10.898841209530831,42.65
289,25638,500.0,201.7,0.01,11.283255772829056,45.309
290,26138,500.0,206.33,0.01,9.036145407795907,48.094
291,26638,500.0,210.6,0.01,16.85006154483557,50.748
292,27138,500.0,215.07,0.01,5.100776268005371,53.525
293,27638,500.0,219.91,0.01,3.963199419617653,56.275
294,28138,500.0,223.78,0.01,6.335835080862045,58.889
295,28638,500.0,228.59,0.01,2.0178983363807204,61.615
296,29138,500.0,232.93,0.01,2.479458786100149,64.619
297,29638,500.0,237.57,0.01,2.9441632272154092,67.549
298,30138,500.0,241.85,0.01,2.2860608504116535,70.325
299,30638,500.0,245.23,0.01,2.745832284748554,72.917
300,31138,500.0,250.04,0.01,0.5554466830343008,75.887
301,31638,500.0,253.59,0.01,0.42593948750197885,78.705
302,32138,500.0,258.49,0.01,0.31191773220151664,81.403
303,32271,133.0,259.24,0.01,0.2858381426816148,82.087
304,32378,107.0,260.02,0.01,0.32081497545902415,82.58
305,32580,202.0,261.65,0.01,0.3770681419548127,83.633
306,32960,380.0,265.21,0.01,4.820377818583266,85.505
307,33063,103.0,265.24,0.01,1.0344148227239696,86.086
308,33093,30.0,265.25,0.01,5.956341567635536,86.269
309,33115,22.0,265.24,0.01,1.3790422935377469,86.382
310,33225,110.0,266.18,0.01,1.8317841118032283,86.902
311,33500,275.0,268.24,0.01,13.168630551262336,88.354
312,34000,500.0,272.42,0.01,6.262046227395534,91.469
313,34500,500.0,276.83,0.01,6.236087074384093,94.283
314,34709,209.0,276.78,0.01,7.625229534064753,95.296
315,35209,500.0,281.31,0.01,3.41771839697659,97.963
316,35709,500.0,285.25,0.01,9.389503725409508,100.745
317,35863,154.0,286.68,0.01,4.5998178379876276,101.5
318,36010,147.0,286.73,0.01,15.891270560877663,102.284
319,36136,126.0,287.58,0.01,4.622640155374058,102.976
320,36636,500.0,291.94,0.01,5.544369666337967,105.738
321,37136,500.0,296.51,0.01,5.682530348777771,108.362
322,37636,500.0,301.19,0.01,6.327253597289324,111.088
323,38136,500.0,304.42,0.01,8.975711308509112,113.759
324,38636,500.0,307.92,0.01,4.5692925779521465,116.898
325,39136,500.0,312.29,0.01,9.161481051832437,119.775
326,39636,500.0,316.67,0.01,7.6650588025450705,122.625
327,40136,500.0,319.89,0.01,7.123935802340507,125.354
328,40636,500.0,324.09,0.01,7.230003433346749,127.179
329,41136,500.0,327.08,0.01,8.74441367673874,128.091
330,41636,500.0,331.12,0.01,6.6997655809223655,128.85
331,42136,500.0,334.3,0.01,5.864046900331974,129.686
332,42404,268.0,336.43,0.01,5.710882707318263,130.104
333,42904,500.0,339.71,0.01,4.85280251711607,130.919
334,43404,500.0,343.08,0.01,6.421969249904156,131.733
335,43876,472.0,347.22,0.01,2.9347013826403074,132.434
336,44051,175.0,344.17,0.01,2.181643551673208,132.714
337,44261,210.0,344.07,0.01,6.8775613285955925,133.071
338,44380,119.0,341.62,0.01,2.5471618115401067,133.287
339,44550,170.0,340.88,0.01,5.329559301102862,133.565
340,44696,146.0,337.73,0.01,17.106963392806378,133.797
341,44832,136.0,338.13,0.01,18.985964710988544,134.014
342,45199,367.0,339.26,0.01,15.500762403660964,134.623
343,45422,223.0,340.46,0.01,28.99113132841384,134.972
344,45922,500.0,342.95,0.01,14.175200591146947,135.763
345,46422,500.0,346.8,0.01,13.294966199994088,136.621
346,46922,500.0,351.66,0.01,20.538171103954316,137.38
347,47422,500.0,356.18,0.01,15.785781474173069,138.131
348,47922,500.0,360.61,0.01,26.871267737746237,138.902
349,48422,500.0,363.38,0.01,15.584165962696076,139.675
350,48922,500.0,365.19,0.01,13.31270803296566,140.428
351,49422,500.0,367.59,0.01,11.604553397774696,141.209
352,49922,500.0,370.15,0.01,11.036802926778794,141.969
353,50422,500.0,373.24,0.01,14.30409676975012,142.765
354,50922,500.0,375.96,0.01,24.256556079506876,143.55
355,51422,500.0,378.72,0.01,22.09386735767126,144.352
356,51922,500.0,381.58,0.01,15.124409639179706,145.167
357,52422,500.0,384.47,0.01,20.371765671491623,147.011
