episode,total_env_steps,episode_reward,avg_reward_100,epsilon,mean_loss,wall_clock_s,grad_steps,w,lam,eval_mean_reward,eval_std_reward,entropy,beta
0,13,13.0,13.0,,0.06091589108109474,0.10978555679321289,1,,,,,0.654747,
1,33,20.0,16.5,,0.06091589108109474,0.11078596115112305,1,,,,,0.654747,
2,74,41.0,24.666666666666668,,0.06091589108109474,0.11078596115112305,1,,,,,0.654747,
3,91,17.0,22.75,,0.06091589108109474,0.11078596115112305,1,,,,,0.654747,
4,119,28.0,23.8,,0.06091589108109474,0.11078596115112305,1,,,,,0.654747,
5,150,31.0,25.0,,0.06091589108109474,0.11078596115112305,1,,,,,0.654747,
6,172,22.0,24.571428571428573,,0.06091589108109474,0.11078596115112305,1,,,,,0.654747,
7,189,17.0,23.625,,0.06091589108109474,0.11078596115112305,1,,,,,0.654747,
8,200,11.0,22.22222222222222,,0.06091589108109474,0.11078596115112305,1,,,,,0.654747,
9,245,45.0,24.5,,0.06091589108109474,0.11078596115112305,1,,,,,0.654747,
10,272,27.0,24.727272727272727,,0.06091589108109474,0.11078596115112305,1,,,,,0.654747,
11,293,21.0,24.416666666666668,,0.06091589108109474,0.11078596115112305,1,,,,,0.654747,
12,308,15.0,23.692307692307693,,0.06091589108109474,0.11078596115112305,1,,,,,0.654747,
13,356,48.0,25.428571428571427,,0.06091589108109474,0.11078596115112305,1,,,,,0.654747,
14,373,17.0,24.866666666666667,,0.06091589108109474,0.11078596115112305,1,,,,,0.654747,
15,382,9.0,23.875,,0.06091589108109474,0.11078596115112305,1,,,,,0.654747,
16,395,13.0,23.235294117647058,,0.041553109884262085,0.17785930633544922,2,,,,,0.664255,
17,431,36.0,23.944444444444443,,0.041553109884262085,0.17885637283325195,2,,,,,0.664255,
18,446,15.0,23.473684210526315,,0.041553109884262085,0.17885637283325195,2,,,,,0.664255,
19,475,29.0,23.75,,0.041553109884262085,0.17885637283325195,2,,,,,0.664255,
20,492,17.0,23.428571428571427,,0.041553109884262085,0.17885637283325195,2,,,,,0.664255,
21,501,9.0,22.772727272727273,,0.041553109884262085,0.17885637283325195,2,,,,,0.664255,
22,520,19.0,22.608695652173914,,0.041553109884262085,0.17885637283325195,2,,,,,0.664255,
23,540,20.0,22.5,,0.041553109884262085,0.17885637283325195,2,,,,,0.664255,
24,562,22.0,22.48,,0.041553109884262085,0.17885637283325195,2,,,,,0.664255,
25,609,47.0,23.423076923076923,,0.041553109884262085,0.17885637283325195,2,,,,,0.664255,
26,627,18.0,23.22222222222222,,0.041553109884262085,0.17885637283325195,2,,,,,0.664255,
27,649,22.0,23.178571428571427,,0.041553109884262085,0.17885637283325195,2,,,,,0.664255,
28,670,21.0,23.103448275862068,,0.041553109884262085,0.17885637283325195,2,,,,,0.664255,
29,691,21.0,23.033333333333335,,0.041553109884262085,0.17885637283325195,2,,,,,0.664255,
30,708,17.0,22.838709677419356,,0.041553109884262085,0.17885637283325195,2,,,,,0.664255,
31,720,12.0,22.5,,0.041553109884262085,0.17885637283325195,2,,,,,0.664255,
32,736,16.0,22.303030303030305,,0.03104378531376521,0.258805513381958,3,,,,,0.671384,
33,748,12.0,22.0,,0.03104378531376521,0.258805513381958,3,,,,,0.671384,
34,783,35.0,22.37142857142857,,0.03104378531376521,0.258805513381958,3,,,,,0.671384,
35,828,45.0,23.0,,0.03104378531376521,0.258805513381958,3,,,,,0.671384,
36,840,12.0,22.7027027027027,,0.03104378531376521,0.258805513381958,3,,,,,0.671384,
37,859,19.0,22.605263157894736,,0.03104378531376521,0.258805513381958,3,,,,,0.671384,
38,878,19.0,22.512820512820515,,0.03104378531376521,0.258805513381958,3,,,,,0.671384,
39,903,25.0,22.575,,0.03104378531376521,0.258805513381958,3,,,,,0.671384,
40,913,10.0,22.26829268292683,,0.03104378531376521,0.258805513381958,3,,,,,0.671384,
41,926,13.0,22.047619047619047,,0.03104378531376521,0.258805513381958,3,,,,,0.671384,
42,965,39.0,22.441860465116278,,0.03104378531376521,0.258805513381958,3,,,,,0.671384,
43,1016,51.0,23.09090909090909,,0.03104378531376521,0.258805513381958,3,,,,,0.671384,
44,1042,26.0,23.155555555555555,,0.03104378531376521,0.258805513381958,3,,,,,0.671384,
45,1062,20.0,23.08695652173913,,0.03104378531376521,0.258805513381958,3,,,,,0.671384,
46,1079,17.0,22.95744680851064,,0.03104378531376521,0.259824275970459,3,,,,,0.671384,
47,1097,18.0,22.854166666666668,,0.03104378531376521,0.259824275970459,3,,,,,0.671384,
48,1117,20.0,22.79591836734694,,0.02899370016530156,0.30590176582336426,4,,,,,0.675016,
49,1135,18.0,22.7,,0.02899370016530156,0.30590176582336426,4,,,9.2,0.7483314773547882,0.675016,
50,1161,26.0,22.764705882352942,,0.02899370016530156,0.30590176582336426,4,,,,,0.675016,
51,1176,15.0,22.615384615384617,,0.02899370016530156,0.30590176582336426,4,,,,,0.675016,
52,1185,9.0,22.358490566037737,,0.02899370016530156,0.30590176582336426,4,,,,,0.675016,
53,1196,11.0,22.14814814814815,,0.02899370016530156,0.30590176582336426,4,,,,,0.675016,
54,1210,14.0,22.0,,0.02899370016530156,0.3074169158935547,4,,,,,0.675016,
55,1237,27.0,22.089285714285715,,0.02899370016530156,0.3074169158935547,4,,,,,0.675016,
56,1255,18.0,22.017543859649123,,0.02899370016530156,0.3074169158935547,4,,,,,0.675016,
57,1279,24.0,22.051724137931036,,0.02899370016530156,0.3074169158935547,4,,,,,0.675016,
58,1295,16.0,21.949152542372882,,0.02899370016530156,0.3074169158935547,4,,,,,0.675016,
59,1322,27.0,22.033333333333335,,0.02899370016530156,0.3074169158935547,4,,,,,0.675016,
60,1341,19.0,21.983606557377048,,0.02899370016530156,0.3074169158935547,4,,,,,0.675016,
61,1354,13.0,21.838709677419356,,0.02899370016530156,0.3074169158935547,4,,,,,0.675016,
62,1369,15.0,21.73015873015873,,0.02899370016530156,0.3074169158935547,4,,,,,0.675016,
63,1381,12.0,21.578125,,0.02899370016530156,0.3074169158935547,4,,,,,0.675016,
64,1430,49.0,22.0,,0.025052156671881674,0.3788576126098633,5,,,,,0.680576,
65,1459,29.0,22.106060606060606,,0.025052156671881674,0.3788576126098633,5,,,,,0.680576,
66,1482,23.0,22.119402985074625,,0.025052156671881674,0.3788576126098633,5,,,,,0.680576,
67,1502,20.0,22.08823529411765,,0.025052156671881674,0.3788576126098633,5,,,,,0.680576,
68,1524,22.0,22.08695652173913,,0.025052156671881674,0.3788576126098633,5,,,,,0.680576,
69,1541,17.0,22.014285714285716,,0.025052156671881674,0.3788576126098633,5,,,,,0.680576,
70,1566,25.0,22.056338028169016,,0.025052156671881674,0.3788576126098633,5,,,,,0.680576,
71,1577,11.0,21.90277777777778,,0.025052156671881674,0.3788576126098633,5,,,,,0.680576,
72,1599,22.0,21.904109589041095,,0.025052156671881674,0.3788576126098633,5,,,,,0.680576,
73,1620,21.0,21.89189189189189,,0.025052156671881674,0.3788576126098633,5,,,,,0.680576,
74,1651,31.0,22.013333333333332,,0.025052156671881674,0.3788576126098633,5,,,,,0.680576,
75,1668,17.0,21.94736842105263,,0.025052156671881674,0.3788576126098633,5,,,,,0.680576,
76,1685,17.0,21.883116883116884,,0.025052156671881674,0.3788576126098633,5,,,,,0.680576,
77,1698,13.0,21.76923076923077,,0.025052156671881674,0.3788576126098633,5,,,,,0.680576,
78,1713,15.0,21.68354430379747,,0.025052156671881674,0.3788576126098633,5,,,,,0.680576,
79,1725,12.0,21.5625,,0.025052156671881674,0.3788576126098633,5,,,,,0.680576,
80,1750,25.0,21.604938271604937,,0.02221087443952759,0.4366731643676758,6,,,,,0.684910,
81,1781,31.0,21.71951219512195,,0.02221087443952759,0.4366731643676758,6,,,,,0.684910,
82,1799,18.0,21.674698795180724,,0.02221087443952759,0.4366731643676758,6,,,,,0.684910,
83,1820,21.0,21.666666666666668,,0.02221087443952759,0.4366731643676758,6,,,,,0.684910,
84,1846,26.0,21.71764705882353,,0.02221087443952759,0.4366731643676758,6,,,,,0.684910,
85,1859,13.0,21.61627906976744,,0.02221087443952759,0.4366731643676758,6,,,,,0.684910,
86,1882,23.0,21.632183908045977,,0.02221087443952759,0.4366731643676758,6,,,,,0.684910,
87,1900,18.0,21.59090909090909,,0.02221087443952759,0.4366731643676758,6,,,,,0.684910,
88,1920,20.0,21.573033707865168,,0.02221087443952759,0.4366731643676758,6,,,,,0.684910,
89,1940,20.0,21.555555555555557,,0.02221087443952759,0.4366731643676758,6,,,,,0.684910,
90,1977,37.0,21.725274725274726,,0.02221087443952759,0.4366731643676758,6,,,,,0.684910,
91,1987,10.0,21.597826086956523,,0.02221087443952759,0.4366731643676758,6,,,,,0.684910,
92,2010,23.0,21.612903225806452,,0.02221087443952759,0.4366731643676758,6,,,,,0.684910,
93,2028,18.0,21.574468085106382,,0.02221087443952759,0.4366731643676758,6,,,,,0.684910,
94,2038,10.0,21.45263157894737,,0.02221087443952759,0.4366731643676758,6,,,,,0.684910,
95,2054,16.0,21.395833333333332,,0.02221087443952759,0.4366731643676758,6,,,,,0.684910,
96,2083,29.0,21.47422680412371,,0.019511396065354347,0.5021464824676514,7,,,,,0.687757,
97,2108,25.0,21.510204081632654,,0.019511396065354347,0.5021464824676514,7,,,,,0.687757,
98,2130,22.0,21.515151515151516,,0.019511396065354347,0.5021464824676514,7,,,,,0.687757,
99,2143,13.0,21.43,,0.019511396065354347,0.5026586055755615,7,,,9.2,0.7483314773547882,0.687757,
100,2162,19.0,21.49,,0.019511396065354347,0.5039865970611572,7,,,,,0.687757,
101,2181,19.0,21.48,,0.019511396065354347,0.5039865970611572,7,,,,,0.687757,
102,2206,25.0,21.32,,0.019511396065354347,0.5039865970611572,7,,,,,0.687757,
103,2251,45.0,21.6,,0.019511396065354347,0.5039865970611572,7,,,,,0.687757,
104,2266,15.0,21.47,,0.019511396065354347,0.5039865970611572,7,,,,,0.687757,
105,2291,25.0,21.41,,0.019511396065354347,0.5039865970611572,7,,,,,0.687757,
106,2305,14.0,21.33,,0.019511396065354347,0.5039865970611572,7,,,,,0.687757,
107,2322,17.0,21.33,,0.019511396065354347,0.5039865970611572,7,,,,,0.687757,
108,2343,21.0,21.43,,0.019511396065354347,0.5039865970611572,7,,,,,0.687757,
109,2364,21.0,21.19,,0.019511396065354347,0.5039865970611572,7,,,,,0.687757,
110,2392,28.0,21.2,,0.019511396065354347,0.5039865970611572,7,,,,,0.687757,
111,2411,19.0,21.18,,0.019511396065354347,0.5039865970611572,7,,,,,0.687757,
112,2424,13.0,21.16,,0.01749013565131463,0.5529468059539795,8,,,,,0.689883,
113,2444,20.0,20.88,,0.01749013565131463,0.5529468059539795,8,,,,,0.689883,
114,2466,22.0,20.93,,0.01749013565131463,0.5529468059539795,8,,,,,0.689883,
115,2497,31.0,21.15,,0.01749013565131463,0.5529468059539795,8,,,,,0.689883,
116,2525,28.0,21.3,,0.01749013565131463,0.5529468059539795,8,,,,,0.689883,
117,2539,14.0,21.08,,0.01749013565131463,0.5529468059539795,8,,,,,0.689883,
118,2551,12.0,21.05,,0.01749013565131463,0.5529468059539795,8,,,,,0.689883,
119,2574,23.0,20.99,,0.01749013565131463,0.5529468059539795,8,,,,,0.689883,
120,2585,11.0,20.93,,0.01749013565131463,0.5529468059539795,8,,,,,0.689883,
121,2596,11.0,20.95,,0.01749013565131463,0.5529468059539795,8,,,,,0.689883,
122,2615,19.0,20.95,,0.01749013565131463,0.5529468059539795,8,,,,,0.689883,
123,2637,22.0,20.97,,0.01749013565131463,0.5529468059539795,8,,,,,0.689883,
124,2649,12.0,20.87,,0.01749013565131463,0.5529468059539795,8,,,,,0.689883,
125,2673,24.0,20.64,,0.01749013565131463,0.5529468059539795,8,,,,,0.689883,
126,2687,14.0,20.6,,0.01749013565131463,0.5529468059539795,8,,,,,0.689883,
127,2708,21.0,20.59,,0.01749013565131463,0.5529468059539795,8,,,,,0.689883,
128,2719,11.0,20.49,,0.015021120275681218,0.6391429901123047,9,,,,,0.689877,
129,2743,24.0,20.52,,0.015021120275681218,0.6391429901123047,9,,,,,0.689877,
130,2796,53.0,20.88,,0.015021120275681218,0.6391429901123047,9,,,,,0.689877,
131,2817,21.0,20.97,,0.015021120275681218,0.6391429901123047,9,,,,,0.689877,
132,2847,30.0,21.11,,0.015021120275681218,0.6391429901123047,9,,,,,0.689877,
133,2860,13.0,21.12,,0.015021120275681218,0.6391429901123047,9,,,,,0.689877,
134,2887,27.0,21.04,,0.015021120275681218,0.6391429901123047,9,,,,,0.689877,
135,2898,11.0,20.7,,0.015021120275681218,0.6391429901123047,9,,,,,0.689877,
136,2919,21.0,20.79,,0.015021120275681218,0.6391429901123047,9,,,,,0.689877,
137,2954,35.0,20.95,,0.015021120275681218,0.6391429901123047,9,,,,,0.689877,
138,2970,16.0,20.92,,0.015021120275681218,0.6404969692230225,9,,,,,0.689877,
139,3009,39.0,21.06,,0.015021120275681218,0.6404969692230225,9,,,,,0.689877,
140,3048,39.0,21.35,,0.015021120275681218,0.6404969692230225,9,,,,,0.689877,
141,3083,35.0,21.57,,0.015021120275681218,0.6404969692230225,9,,,,,0.689877,
142,3095,12.0,21.3,,0.015021120275681218,0.6404969692230225,9,,,,,0.689877,
143,3106,11.0,20.9,,0.015021120275681218,0.6404969692230225,9,,,,,0.689877,
144,3123,17.0,20.81,,0.013139717443846167,0.7023143768310547,10,,,,,0.689955,
145,3144,21.0,20.82,,0.013139717443846167,0.7023143768310547,10,,,,,0.689955,
146,3155,11.0,20.76,,0.013139717443846167,0.7023143768310547,10,,,,,0.689955,
147,3168,13.0,20.71,,0.013139717443846167,0.7023143768310547,10,,,,,0.689955,
148,3207,39.0,20.9,,0.013139717443846167,0.7023143768310547,10,,,,,0.689955,
149,3248,41.0,21.13,,0.013139717443846167,0.7023143768310547,10,,,90.0,13.130118049735882,0.689955,
150,3274,26.0,21.13,,0.013139717443846167,0.7023143768310547,10,,,,,0.689955,
151,3289,15.0,21.13,,0.013139717443846167,0.7023143768310547,10,,,,,0.689955,
152,3304,15.0,21.19,,0.013139717443846167,0.7023143768310547,10,,,,,0.689955,
153,3323,19.0,21.27,,0.013139717443846167,0.7023143768310547,10,,,,,0.689955,
154,3336,13.0,21.26,,0.013139717443846167,0.7023143768310547,10,,,,,0.689955,
155,3353,17.0,21.16,,0.013139717443846167,0.7023143768310547,10,,,,,0.689955,
156,3376,23.0,21.21,,0.013139717443846167,0.7023143768310547,10,,,,,0.689955,
157,3390,14.0,21.11,,0.013139717443846167,0.7033185958862305,10,,,,,0.689955,
158,3407,17.0,21.12,,0.013139717443846167,0.7033185958862305,10,,,,,0.689955,
159,3431,24.0,21.09,,0.013139717443846167,0.7033185958862305,10,,,,,0.689955,
160,3451,20.0,21.1,,0.011420655339448289,0.757836103439331,11,,,,,0.689444,
161,3471,20.0,21.17,,0.011420655339448289,0.7588376998901367,11,,,,,0.689444,
162,3499,28.0,21.3,,0.011420655339448289,0.7588376998901367,11,,,,,0.689444,
163,3519,20.0,21.38,,0.011420655339448289,0.7588376998901367,11,,,,,0.689444,
164,3539,20.0,21.09,,0.011420655339448289,0.7588376998901367,11,,,,,0.689444,
165,3549,10.0,20.9,,0.011420655339448289,0.7588376998901367,11,,,,,0.689444,
166,3569,20.0,20.87,,0.011420655339448289,0.7588376998901367,11,,,,,0.689444,
167,3582,13.0,20.8,,0.011420655339448289,0.7588376998901367,11,,,,,0.689444,
168,3601,19.0,20.77,,0.011420655339448289,0.7588376998901367,11,,,,,0.689444,
169,3620,19.0,20.79,,0.011420655339448289,0.7588376998901367,11,,,,,0.689444,
170,3653,33.0,20.87,,0.011420655339448289,0.7588376998901367,11,,,,,0.689444,
171,3689,36.0,21.12,,0.011420655339448289,0.7588376998901367,11,,,,,0.689444,
172,3699,10.0,21.0,,0.011420655339448289,0.7588376998901367,11,,,,,0.689444,
173,3719,20.0,20.99,,0.011420655339448289,0.7588376998901367,11,,,,,0.689444,
174,3741,22.0,20.9,,0.011420655339448289,0.7588376998901367,11,,,,,0.689444,
175,3755,14.0,20.87,,0.011420655339448289,0.7588376998901367,11,,,,,0.689444,
176,3771,16.0,20.86,,0.009102090902160853,0.8165545463562012,12,,,,,0.687755,
177,3798,27.0,21.0,,0.009102090902160853,0.8165545463562012,12,,,,,0.687755,
178,3836,38.0,21.23,,0.009102090902160853,0.8165545463562012,12,,,,,0.687755,
179,3852,16.0,21.27,,0.009102090902160853,0.8165545463562012,12,,,,,0.687755,
180,3885,33.0,21.35,,0.009102090902160853,0.8165545463562012,12,,,,,0.687755,
181,3911,26.0,21.3,,0.009102090902160853,0.8165545463562012,12,,,,,0.687755,
182,3936,25.0,21.37,,0.009102090902160853,0.8165545463562012,12,,,,,0.687755,
183,3954,18.0,21.34,,0.009102090902160853,0.8165545463562012,12,,,,,0.687755,
184,3965,11.0,21.19,,0.009102090902160853,0.8165545463562012,12,,,,,0.687755,
185,3975,10.0,21.16,,0.009102090902160853,0.8165545463562012,12,,,,,0.687755,
186,4000,25.0,21.18,,0.009102090902160853,0.8165545463562012,12,,,,,0.687755,
187,4013,13.0,21.13,,0.009102090902160853,0.8175573348999023,12,,,,,0.687755,
188,4026,13.0,21.06,,0.009102090902160853,0.8175573348999023,12,,,,,0.687755,
189,4055,29.0,21.15,,0.009102090902160853,0.8175573348999023,12,,,,,0.687755,
190,4072,17.0,20.95,,0.009102090902160853,0.8175573348999023,12,,,,,0.687755,
191,4088,16.0,21.01,,0.009102090902160853,0.8175573348999023,12,,,,,0.687755,
192,4113,25.0,21.03,,0.00773102304754922,0.9043886661529541,13,,,,,0.687450,
193,4147,34.0,21.19,,0.00773102304754922,0.9043886661529541,13,,,,,0.687450,
194,4185,38.0,21.47,,0.00773102304754922,0.9043886661529541,13,,,,,0.687450,
195,4207,22.0,21.53,,0.00773102304754922,0.9043886661529541,13,,,,,0.687450,
196,4262,55.0,21.79,,0.00773102304754922,0.9043886661529541,13,,,,,0.687450,
197,4279,17.0,21.71,,0.00773102304754922,0.9051451683044434,13,,,,,0.687450,
198,4293,14.0,21.63,,0.00773102304754922,0.9051451683044434,13,,,,,0.687450,
199,4331,38.0,21.88,,0.00773102304754922,0.9051451683044434,13,,,60.6,11.77454882362802,0.687450,
200,4347,16.0,21.85,,0.00773102304754922,0.9051451683044434,13,,,,,0.687450,
201,4364,17.0,21.83,,0.00773102304754922,0.9051451683044434,13,,,,,0.687450,
202,4382,18.0,21.76,,0.00773102304754922,0.9051451683044434,13,,,,,0.687450,
203,4398,16.0,21.47,,0.00773102304754922,0.9051451683044434,13,,,,,0.687450,
204,4438,40.0,21.72,,0.00773102304754922,0.9051451683044434,13,,,,,0.687450,
205,4452,14.0,21.61,,0.00773102304754922,0.9051451683044434,13,,,,,0.687450,
206,4499,47.0,21.94,,0.00773102304754922,0.9051451683044434,13,,,,,0.687450,
207,4533,34.0,22.11,,0.00773102304754922,0.9051451683044434,13,,,,,0.687450,
208,4560,27.0,22.17,,0.0066504297012995395,1.0694074630737305,14,,,,,0.685784,
209,4590,30.0,22.26,,0.0066504297012995395,1.0694074630737305,14,,,,,0.685784,
210,4606,16.0,22.14,,0.0066504297012995395,1.0694074630737305,14,,,,,0.685784,
211,4623,17.0,22.12,,0.0066504297012995395,1.0694074630737305,14,,,,,0.685784,
212,4652,29.0,22.28,,0.0066504297012995395,1.0694074630737305,14,,,,,0.685784,
213,4672,20.0,22.28,,0.0066504297012995395,1.0694074630737305,14,,,,,0.685784,
214,4690,18.0,22.24,,0.0066504297012995395,1.0694074630737305,14,,,,,0.685784,
215,4822,132.0,23.25,,0.0066504297012995395,1.0694074630737305,14,,,,,0.685784,
216,4846,24.0,23.21,,0.0066504297012995395,1.0694074630737305,14,,,,,0.685784,
217,4865,19.0,23.26,,0.0066504297012995395,1.0694074630737305,14,,,,,0.685784,
218,4884,19.0,23.33,,0.0066504297012995395,1.0694074630737305,14,,,,,0.685784,
219,4899,15.0,23.25,,0.0066504297012995395,1.0694074630737305,14,,,,,0.685784,
220,4923,24.0,23.38,,0.0066504297012995395,1.0694074630737305,14,,,,,0.685784,
221,4943,20.0,23.47,,0.0066504297012995395,1.0694074630737305,14,,,,,0.685784,
222,4988,45.0,23.73,,0.0066504297012995395,1.0694074630737305,14,,,,,0.685784,
223,5001,13.0,23.64,,0.0066504297012995395,1.0694074630737305,14,,,,,0.685784,
224,5035,34.0,23.86,,0.005315601841236154,1.1861965656280518,15,,,,,0.684291,
225,5052,17.0,23.79,,0.005315601841236154,1.1861965656280518,15,,,,,0.684291,
226,5066,14.0,23.79,,0.005315601841236154,1.1861965656280518,15,,,,,0.684291,
227,5092,26.0,23.84,,0.005315601841236154,1.1861965656280518,15,,,,,0.684291,
228,5124,32.0,24.05,,0.005315601841236154,1.1861965656280518,15,,,,,0.684291,
229,5140,16.0,23.97,,0.005315601841236154,1.1861965656280518,15,,,,,0.684291,
230,5152,12.0,23.56,,0.005315601841236154,1.1861965656280518,15,,,,,0.684291,
231,5168,16.0,23.51,,0.005315601841236154,1.1861965656280518,15,,,,,0.684291,
232,5191,23.0,23.44,,0.005315601841236154,1.1861965656280518,15,,,,,0.684291,
233,5223,32.0,23.63,,0.005315601841236154,1.1861965656280518,15,,,,,0.684291,
234,5326,103.0,24.39,,0.005315601841236154,1.1861965656280518,15,,,,,0.684291,
235,5406,80.0,25.08,,0.005315601841236154,1.1870033740997314,15,,,,,0.684291,
236,5423,17.0,25.04,,0.005315601841236154,1.1870033740997314,15,,,,,0.684291,
237,5477,54.0,25.23,,0.005315601841236154,1.1870033740997314,15,,,,,0.684291,
238,5523,46.0,25.53,,0.005315601841236154,1.1870033740997314,15,,,,,0.684291,
239,5575,52.0,25.66,,0.005315601841236154,1.1870033740997314,15,,,,,0.684291,
240,5603,28.0,25.55,,0.0035028485726797953,1.2778911590576172,16,,,,,0.684412,
241,5632,29.0,25.49,,0.0035028485726797953,1.2778911590576172,16,,,,,0.684412,
242,5684,52.0,25.89,,0.0035028485726797953,1.2778911590576172,16,,,,,0.684412,
243,5699,15.0,25.93,,0.0035028485726797953,1.2778911590576172,16,,,,,0.684412,
244,5718,19.0,25.95,,0.0035028485726797953,1.2778911590576172,16,,,,,0.684412,
245,5744,26.0,26.0,,0.0035028485726797953,1.2778911590576172,16,,,,,0.684412,
246,5793,49.0,26.38,,0.0035028485726797953,1.2778911590576172,16,,,,,0.684412,
247,5824,31.0,26.56,,0.0035028485726797953,1.2778911590576172,16,,,,,0.684412,
248,5845,21.0,26.38,,0.0035028485726797953,1.2778911590576172,16,,,,,0.684412,
249,5872,27.0,26.24,,0.0035028485726797953,1.2778911590576172,16,,,56.2,6.675327707311454,0.684412,
250,5896,24.0,26.22,,0.0035028485726797953,1.2778911590576172,16,,,,,0.684412,
251,5914,18.0,26.25,,0.0035028485726797953,1.2778911590576172,16,,,,,0.684412,
252,5938,24.0,26.34,,0.0035028485726797953,1.2778911590576172,16,,,,,0.684412,
253,5958,20.0,26.35,,0.0035028485726797953,1.2778911590576172,16,,,,,0.684412,
254,6015,57.0,26.79,,0.0035028485726797953,1.2778911590576172,16,,,,,0.684412,
255,6054,39.0,27.01,,0.0035028485726797953,1.2778911590576172,16,,,,,0.684412,
256,6108,54.0,27.32,,0.0029326816062059473,1.3998653888702393,17,,,,,0.678455,
257,6136,28.0,27.46,,0.0029326816062059473,1.3998653888702393,17,,,,,0.678455,
258,6154,18.0,27.47,,0.0029326816062059473,1.3998653888702393,17,,,,,0.678455,
259,6164,10.0,27.33,,0.0029326816062059473,1.3998653888702393,17,,,,,0.678455,
260,6198,34.0,27.47,,0.0029326816062059473,1.3998653888702393,17,,,,,0.678455,
261,6302,104.0,28.31,,0.0029326816062059473,1.3998653888702393,17,,,,,0.678455,
262,6316,14.0,28.17,,0.0029326816062059473,1.3998653888702393,17,,,,,0.678455,
263,6337,21.0,28.18,,0.0029326816062059473,1.3998653888702393,17,,,,,0.678455,
264,6357,20.0,28.18,,0.0029326816062059473,1.3998653888702393,17,,,,,0.678455,
265,6401,44.0,28.52,,0.0029326816062059473,1.3998653888702393,17,,,,,0.678455,
266,6414,13.0,28.45,,0.0029326816062059473,1.3998653888702393,17,,,,,0.678455,
267,6446,32.0,28.64,,0.0029326816062059473,1.3998653888702393,17,,,,,0.678455,
268,6469,23.0,28.68,,0.0029326816062059473,1.4008634090423584,17,,,,,0.678455,
269,6484,15.0,28.64,,0.0029326816062059473,1.4008634090423584,17,,,,,0.678455,
270,6497,13.0,28.44,,0.0029326816062059473,1.4008634090423584,17,,,,,0.678455,
271,6509,12.0,28.2,,0.0029326816062059473,1.4008634090423584,17,,,,,0.678455,
272,6522,13.0,28.23,,0.001634446037415829,1.499023675918579,18,,,,,0.678157,
273,6542,20.0,28.23,,0.001634446037415829,1.499023675918579,18,,,,,0.678157,
274,6581,39.0,28.4,,0.001634446037415829,1.499023675918579,18,,,,,0.678157,
275,6601,20.0,28.46,,0.001634446037415829,1.499023675918579,18,,,,,0.678157,
276,6645,44.0,28.74,,0.001634446037415829,1.499023675918579,18,,,,,0.678157,
277,6687,42.0,28.89,,0.001634446037415829,1.499023675918579,18,,,,,0.678157,
278,6717,30.0,28.81,,0.001634446037415829,1.499023675918579,18,,,,,0.678157,
279,6767,50.0,29.15,,0.001634446037415829,1.499023675918579,18,,,,,0.678157,
280,6814,47.0,29.29,,0.001634446037415829,1.499023675918579,18,,,,,0.678157,
281,6846,32.0,29.35,,0.001634446037415829,1.499023675918579,18,,,,,0.678157,
282,6909,63.0,29.73,,0.001634446037415829,1.499023675918579,18,,,,,0.678157,
283,6932,23.0,29.78,,0.001634446037415829,1.499023675918579,18,,,,,0.678157,
284,6951,19.0,29.86,,0.001634446037415829,1.499023675918579,18,,,,,0.678157,
285,6976,25.0,30.01,,0.001634446037415829,1.499023675918579,18,,,,,0.678157,
286,6994,18.0,29.94,,0.001634446037415829,1.499023675918579,18,,,,,0.678157,
287,7026,32.0,30.13,,0.001634446037415829,1.499023675918579,18,,,,,0.678157,
288,7044,18.0,30.18,,0.0007279905564102687,1.6071791648864746,19,,,,,0.673678,
289,7071,27.0,30.16,,0.0007279905564102687,1.6071791648864746,19,,,,,0.673678,
290,7085,14.0,30.13,,0.0007279905564102687,1.6071791648864746,19,,,,,0.673678,
291,7107,22.0,30.19,,0.0007279905564102687,1.6081769466400146,19,,,,,0.673678,
292,7190,83.0,30.77,,0.0007279905564102687,1.6081769466400146,19,,,,,0.673678,
293,7222,32.0,30.75,,0.0007279905564102687,1.6081769466400146,19,,,,,0.673678,
294,7247,25.0,30.62,,0.0007279905564102687,1.6081769466400146,19,,,,,0.673678,
295,7278,31.0,30.71,,0.0007279905564102687,1.6081769466400146,19,,,,,0.673678,
296,7292,14.0,30.3,,0.0007279905564102687,1.6081769466400146,19,,,,,0.673678,
297,7340,48.0,30.61,,0.0007279905564102687,1.6081769466400146,19,,,,,0.673678,
298,7389,49.0,30.96,,0.0007279905564102687,1.6081769466400146,19,,,,,0.673678,
299,7415,26.0,30.84,,0.0007279905564102687,1.6081769466400146,19,,,71.2,13.43726162579266,0.673678,
300,7432,17.0,30.85,,0.0007279905564102687,1.6081769466400146,19,,,,,0.673678,
301,7459,27.0,30.95,,0.0007279905564102687,1.6081769466400146,19,,,,,0.673678,
302,7477,18.0,30.95,,0.0007279905564102687,1.6081769466400146,19,,,,,0.673678,
303,7525,48.0,31.27,,0.0007279905564102687,1.6081769466400146,19,,,,,0.673678,
304,7540,15.0,31.02,,0.00018887041369453073,1.7284290790557861,20,,,,,0.670900,
305,7601,61.0,31.49,,0.00018887041369453073,1.7284290790557861,20,,,,,0.670900,
306,7616,15.0,31.17,,0.00018887041369453073,1.7284290790557861,20,,,,,0.670900,
307,7698,82.0,31.65,,0.00018887041369453073,1.729416847229004,20,,,,,0.670900,
308,7733,35.0,31.73,,0.00018887041369453073,1.729416847229004,20,,,,,0.670900,
309,7747,14.0,31.57,,0.00018887041369453073,1.729416847229004,20,,,,,0.670900,
310,7757,10.0,31.51,,0.00018887041369453073,1.729416847229004,20,,,,,0.670900,
311,7793,36.0,31.7,,0.00018887041369453073,1.729416847229004,20,,,,,0.670900,
312,7843,50.0,31.91,,0.00018887041369453073,1.729416847229004,20,,,,,0.670900,
313,7871,28.0,31.99,,0.00018887041369453073,1.729416847229004,20,,,,,0.670900,
314,7884,13.0,31.94,,0.00018887041369453073,1.729416847229004,20,,,,,0.670900,
315,7915,31.0,30.93,,0.00018887041369453073,1.729416847229004,20,,,,,0.670900,
316,7938,23.0,30.92,,0.00018887041369453073,1.729416847229004,20,,,,,0.670900,
317,8006,68.0,31.41,,0.00018887041369453073,1.729416847229004,20,,,,,0.670900,
318,8020,14.0,31.36,,0.00018887041369453073,1.729416847229004,20,,,,,0.670900,
319,8078,58.0,31.79,,0.00018887041369453073,1.729416847229004,20,,,,,0.670900,
320,8098,20.0,31.75,,-0.0007797215643915392,1.8302593231201172,21,,,,,0.670029,
321,8128,30.0,31.85,,-0.0007797215643915392,1.8302593231201172,21,,,,,0.670029,
322,8161,33.0,31.73,,-0.0007797215643915392,1.8302593231201172,21,,,,,0.670029,
323,8170,9.0,31.69,,-0.0007797215643915392,1.8302593231201172,21,,,,,0.670029,
324,8192,22.0,31.57,,-0.0007797215643915392,1.8302593231201172,21,,,,,0.670029,
325,8210,18.0,31.58,,-0.0007797215643915392,1.8302593231201172,21,,,,,0.670029,
326,8258,48.0,31.92,,-0.0007797215643915392,1.8302593231201172,21,,,,,0.670029,
327,8277,19.0,31.85,,-0.0007797215643915392,1.8302593231201172,21,,,,,0.670029,
328,8292,15.0,31.68,,-0.0007797215643915392,1.8302593231201172,21,,,,,0.670029,
329,8367,75.0,32.27,,-0.0007797215643915392,1.8302593231201172,21,,,,,0.670029,
330,8387,20.0,32.35,,-0.0007797215643915392,1.8302593231201172,21,,,,,0.670029,
331,8420,33.0,32.52,,-0.0007797215643915392,1.8302593231201172,21,,,,,0.670029,
332,8454,34.0,32.63,,-0.0007797215643915392,1.8302593231201172,21,,,,,0.670029,
333,8503,49.0,32.8,,-0.0007797215643915392,1.8302593231201172,21,,,,,0.670029,
334,8549,46.0,32.23,,-0.0007797215643915392,1.8302593231201172,21,,,,,0.670029,
335,8561,12.0,31.55,,-0.0007797215643915392,1.8302593231201172,21,,,,,0.670029,
336,8578,17.0,31.55,,-0.0009943147253414447,1.923217535018921,22,,,,,0.661338,
337,8625,47.0,31.48,,-0.0009943147253414447,1.923217535018921,22,,,,,0.661338,
338,8646,21.0,31.23,,-0.0009943147253414447,1.923217535018921,22,,,,,0.661338,
339,8677,31.0,31.02,,-0.0009943147253414447,1.923217535018921,22,,,,,0.661338,
340,8689,12.0,30.86,,-0.0009943147253414447,1.923217535018921,22,,,,,0.661338,
341,8723,34.0,30.91,,-0.0009943147253414447,1.923217535018921,22,,,,,0.661338,
342,8746,23.0,30.62,,-0.0009943147253414447,1.923217535018921,22,,,,,0.661338,
343,8765,19.0,30.66,,-0.0009943147253414447,1.923217535018921,22,,,,,0.661338,
344,8787,22.0,30.69,,-0.0009943147253414447,1.923217535018921,22,,,,,0.661338,
345,8811,24.0,30.67,,-0.0009943147253414447,1.923217535018921,22,,,,,0.661338,
346,8831,20.0,30.38,,-0.0009943147253414447,1.923217535018921,22,,,,,0.661338,
347,8864,33.0,30.4,,-0.0009943147253414447,1.923217535018921,22,,,,,0.661338,
348,8893,29.0,30.48,,-0.0009943147253414447,1.923217535018921,22,,,,,0.661338,
349,8954,61.0,30.82,,-0.0009943147253414447,1.923217535018921,22,,,123.8,77.12950148937823,0.661338,
350,8972,18.0,30.76,,-0.0009943147253414447,1.923217535018921,22,,,,,0.661338,
351,9035,63.0,31.21,,-0.0009943147253414447,1.923217535018921,22,,,,,0.661338,
352,9116,81.0,31.78,,-0.0018079804317296846,2.067894220352173,23,,,,,0.665505,
353,9158,42.0,32.0,,-0.0018079804317296846,2.067894220352173,23,,,,,0.665505,
354,9218,60.0,32.03,,-0.0018079804317296846,2.067894220352173,23,,,,,0.665505,
355,9282,64.0,32.28,,-0.0018079804317296846,2.067894220352173,23,,,,,0.665505,
356,9317,35.0,32.09,,-0.0018079804317296846,2.067894220352173,23,,,,,0.665505,
357,9351,34.0,32.15,,-0.0018079804317296846,2.067894220352173,23,,,,,0.665505,
358,9373,22.0,32.19,,-0.0018079804317296846,2.067894220352173,23,,,,,0.665505,
359,9431,58.0,32.67,,-0.0018079804317296846,2.067894220352173,23,,,,,0.665505,
360,9528,97.0,33.3,,-0.0018079804317296846,2.0689008235931396,23,,,,,0.665505,
361,9576,48.0,32.74,,-0.0018079804317296846,2.0689008235931396,23,,,,,0.665505,
362,9614,38.0,32.98,,-0.0018079804317296846,2.0689008235931396,23,,,,,0.665505,
363,9630,16.0,32.93,,-0.0018079804317296846,2.0689008235931396,23,,,,,0.665505,
364,9692,62.0,33.35,,-0.0018079804317296846,2.0689008235931396,23,,,,,0.665505,
365,9721,29.0,33.2,,-0.0018079804317296846,2.0689008235931396,23,,,,,0.665505,
366,9742,21.0,33.28,,-0.0018079804317296846,2.0689008235931396,23,,,,,0.665505,
367,9759,17.0,33.13,,-0.0018079804317296846,2.0689008235931396,23,,,,,0.665505,
368,9824,65.0,33.55,,-0.002711879584239796,2.2255542278289795,24,,,,,0.661304,
369,9937,113.0,34.53,,-0.002711879584239796,2.226565361022949,24,,,,,0.661304,
370,9963,26.0,34.66,,-0.002711879584239796,2.226565361022949,24,,,,,0.661304,
371,10042,79.0,35.33,,-0.002711879584239796,2.226565361022949,24,,,,,0.661304,
372,10067,25.0,35.45,,-0.002711879584239796,2.226565361022949,24,,,,,0.661304,
373,10103,36.0,35.61,,-0.002711879584239796,2.226565361022949,24,,,,,0.661304,
374,10124,21.0,35.43,,-0.002711879584239796,2.226565361022949,24,,,,,0.661304,
375,10228,104.0,36.27,,-0.002711879584239796,2.226565361022949,24,,,,,0.661304,
376,10312,84.0,36.67,,-0.002711879584239796,2.226565361022949,24,,,,,0.661304,
377,10384,72.0,36.97,,-0.002711879584239796,2.226565361022949,24,,,,,0.661304,
378,10408,24.0,36.91,,-0.002711879584239796,2.226565361022949,24,,,,,0.661304,
379,10473,65.0,37.06,,-0.002711879584239796,2.226565361022949,24,,,,,0.661304,
380,10502,29.0,36.88,,-0.002711879584239796,2.226565361022949,24,,,,,0.661304,
381,10527,25.0,36.81,,-0.002711879584239796,2.226565361022949,24,,,,,0.661304,
382,10555,28.0,36.46,,-0.002711879584239796,2.226565361022949,24,,,,,0.661304,
383,10594,39.0,36.62,,-0.002711879584239796,2.226565361022949,24,,,,,0.661304,
384,10638,44.0,36.87,,-0.003144953390583396,2.3890464305877686,25,,,,,0.663529,
385,10692,54.0,37.16,,-0.003144953390583396,2.3890464305877686,25,,,,,0.663529,
386,10713,21.0,37.19,,-0.003144953390583396,2.3890464305877686,25,,,,,0.663529,
387,10739,26.0,37.13,,-0.003144953390583396,2.3890464305877686,25,,,,,0.663529,
388,10853,114.0,38.09,,-0.003144953390583396,2.3890464305877686,25,,,,,0.663529,
389,10976,123.0,39.05,,-0.003144953390583396,2.3890464305877686,25,,,,,0.663529,
390,11004,28.0,39.19,,-0.003144953390583396,2.3890464305877686,25,,,,,0.663529,
391,11038,34.0,39.31,,-0.003144953390583396,2.3890464305877686,25,,,,,0.663529,
392,11067,29.0,38.77,,-0.003144953390583396,2.3890464305877686,25,,,,,0.663529,
393,11110,43.0,38.88,,-0.003144953390583396,2.3890464305877686,25,,,,,0.663529,
394,11137,27.0,38.9,,-0.003144953390583396,2.3890464305877686,25,,,,,0.663529,
395,11213,76.0,39.35,,-0.003144953390583396,2.3890464305877686,25,,,,,0.663529,
396,11276,63.0,39.84,,-0.003144953390583396,2.3890464305877686,25,,,,,0.663529,
397,11337,61.0,39.97,,-0.003144953390583396,2.3890464305877686,25,,,,,0.663529,
398,11420,83.0,40.31,,-0.003144953390583396,2.3890464305877686,25,,,,,0.663529,
399,11456,36.0,40.41,,-0.003144953390583396,2.3890464305877686,25,,,349.2,103.3622755167474,0.663529,
400,11485,29.0,40.53,,-0.0037848287387392842,2.5391366481781006,26,,,,,0.653872,
401,11529,44.0,40.7,,-0.0037848287387392842,2.5391366481781006,26,,,,,0.653872,
402,11567,38.0,40.9,,-0.0037848287387392842,2.5391366481781006,26,,,,,0.653872,
403,11632,65.0,41.07,,-0.0037848287387392842,2.5391366481781006,26,,,,,0.653872,
404,11734,102.0,41.94,,-0.0037848287387392842,2.5391366481781006,26,,,,,0.653872,
405,11788,54.0,41.87,,-0.0037848287387392842,2.5391366481781006,26,,,,,0.653872,
406,11810,22.0,41.94,,-0.0037848287387392842,2.5391366481781006,26,,,,,0.653872,
407,11846,36.0,41.48,,-0.0037848287387392842,2.5391366481781006,26,,,,,0.653872,
408,11858,12.0,41.25,,-0.0037848287387392842,2.5391366481781006,26,,,,,0.653872,
409,11899,41.0,41.52,,-0.0037848287387392842,2.5391366481781006,26,,,,,0.653872,
410,11920,21.0,41.63,,-0.0037848287387392842,2.5391366481781006,26,,,,,0.653872,
411,11937,17.0,41.44,,-0.0037848287387392842,2.5391366481781006,26,,,,,0.653872,
412,11988,51.0,41.45,,-0.0037848287387392842,2.5391366481781006,26,,,,,0.653872,
413,12036,48.0,41.65,,-0.0037848287387392842,2.5391366481781006,26,,,,,0.653872,
414,12080,44.0,41.96,,-0.0037848287387392842,2.5391366481781006,26,,,,,0.653872,
415,12165,85.0,42.5,,-0.0037848287387392842,2.5391366481781006,26,,,,,0.653872,
416,12248,83.0,43.1,,-0.004759925443472134,2.6865234375,27,,,,,0.646838,
417,12326,78.0,43.2,,-0.004759925443472134,2.6865234375,27,,,,,0.646838,
418,12370,44.0,43.5,,-0.004759925443472134,2.6865234375,27,,,,,0.646838,
419,12399,29.0,43.21,,-0.004759925443472134,2.6865234375,27,,,,,0.646838,
420,12440,41.0,43.42,,-0.004759925443472134,2.6865234375,27,,,,,0.646838,
421,12503,63.0,43.75,,-0.004759925443472134,2.6865234375,27,,,,,0.646838,
422,12518,15.0,43.57,,-0.004759925443472134,2.6865234375,27,,,,,0.646838,
423,12543,25.0,43.73,,-0.004759925443472134,2.6865234375,27,,,,,0.646838,
424,12565,22.0,43.73,,-0.004759925443472134,2.6865234375,27,,,,,0.646838,
425,12625,60.0,44.15,,-0.004759925443472134,2.6865234375,27,,,,,0.646838,
426,12639,14.0,43.81,,-0.004759925443472134,2.6865234375,27,,,,,0.646838,
427,12690,51.0,44.13,,-0.004759925443472134,2.6865234375,27,,,,,0.646838,
428,12790,100.0,44.98,,-0.004759925443472134,2.6865234375,27,,,,,0.646838,
429,12823,33.0,44.56,,-0.004759925443472134,2.6865234375,27,,,,,0.646838,
430,12880,57.0,44.93,,-0.004759925443472134,2.6865234375,27,,,,,0.646838,
431,12901,21.0,44.81,,-0.004759925443472134,2.6865234375,27,,,,,0.646838,
432,12951,50.0,44.97,,-0.0050964065345137245,2.914384365081787,28,,,,,0.651601,
433,13050,99.0,45.47,,-0.0050964065345137245,2.914384365081787,28,,,,,0.651601,
434,13104,54.0,45.55,,-0.0050964065345137245,2.914384365081787,28,,,,,0.651601,
435,13131,27.0,45.7,,-0.0050964065345137245,2.914384365081787,28,,,,,0.651601,
436,13250,119.0,46.72,,-0.0050964065345137245,2.914384365081787,28,,,,,0.651601,
437,13291,41.0,46.66,,-0.0050964065345137245,2.914384365081787,28,,,,,0.651601,
438,13352,61.0,47.06,,-0.0050964065345137245,2.914384365081787,28,,,,,0.651601,
439,13380,28.0,47.03,,-0.0050964065345137245,2.914384365081787,28,,,,,0.651601,
440,13438,58.0,47.49,,-0.0050964065345137245,2.914384365081787,28,,,,,0.651601,
441,13535,97.0,48.12,,-0.0050964065345137245,2.914910316467285,28,,,,,0.651601,
442,13652,117.0,49.06,,-0.0050964065345137245,2.914910316467285,28,,,,,0.651601,
443,13817,165.0,50.52,,-0.0050964065345137245,2.914910316467285,28,,,,,0.651601,
444,13839,22.0,50.52,,-0.0050964065345137245,2.914910316467285,28,,,,,0.651601,
445,13882,43.0,50.71,,-0.0050964065345137245,2.914910316467285,28,,,,,0.651601,
446,13924,42.0,50.93,,-0.0050964065345137245,2.914910316467285,28,,,,,0.651601,
447,13953,29.0,50.89,,-0.0050964065345137245,2.914910316467285,28,,,,,0.651601,
448,14004,51.0,51.11,,-0.005650244709425445,3.104801893234253,29,,,,,0.649266,
449,14053,49.0,50.99,,-0.005650244709425445,3.104801893234253,29,,,416.0,145.6420269015781,0.649266,
450,14064,11.0,50.92,,-0.005650244709425445,3.104801893234253,29,,,,,0.649266,
451,14097,33.0,50.62,,-0.005650244709425445,3.104801893234253,29,,,,,0.649266,
452,14193,96.0,50.77,,-0.005650244709425445,3.104801893234253,29,,,,,0.649266,
453,14249,56.0,50.91,,-0.005650244709425445,3.104801893234253,29,,,,,0.649266,
454,14315,66.0,50.97,,-0.005650244709425445,3.104801893234253,29,,,,,0.649266,
455,14373,58.0,50.91,,-0.005650244709425445,3.104801893234253,29,,,,,0.649266,
456,14434,61.0,51.17,,-0.005650244709425445,3.104801893234253,29,,,,,0.649266,
457,14488,54.0,51.37,,-0.005650244709425445,3.104801893234253,29,,,,,0.649266,
458,14570,82.0,51.97,,-0.005650244709425445,3.104801893234253,29,,,,,0.649266,
459,14654,84.0,52.23,,-0.005650244709425445,3.104801893234253,29,,,,,0.649266,
460,14764,110.0,52.36,,-0.005650244709425445,3.104801893234253,29,,,,,0.649266,
461,14825,61.0,52.49,,-0.005650244709425445,3.104801893234253,29,,,,,0.649266,
462,14959,134.0,53.45,,-0.005650244709425445,3.105807304382324,29,,,,,0.649266,
463,15058,99.0,54.28,,-0.005650244709425445,3.105807304382324,29,,,,,0.649266,
464,15103,45.0,54.11,,-0.006267239828594029,3.235470771789551,30,,,,,0.635239,
465,15146,43.0,54.25,,-0.006267239828594029,3.235470771789551,30,,,,,0.635239,
466,15195,49.0,54.53,,-0.006267239828594029,3.235470771789551,30,,,,,0.635239,
467,15272,77.0,55.13,,-0.006267239828594029,3.235470771789551,30,,,,,0.635239,
468,15371,99.0,55.47,,-0.006267239828594029,3.235470771789551,30,,,,,0.635239,
469,15440,69.0,55.03,,-0.006267239828594029,3.235470771789551,30,,,,,0.635239,
470,15495,55.0,55.32,,-0.006267239828594029,3.235470771789551,30,,,,,0.635239,
471,15528,33.0,54.86,,-0.006267239828594029,3.235470771789551,30,,,,,0.635239,
472,15543,15.0,54.76,,-0.006267239828594029,3.235470771789551,30,,,,,0.635239,
473,15567,24.0,54.64,,-0.006267239828594029,3.235470771789551,30,,,,,0.635239,
474,15624,57.0,55.0,,-0.006267239828594029,3.235470771789551,30,,,,,0.635239,
475,15651,27.0,54.23,,-0.006267239828594029,3.235470771789551,30,,,,,0.635239,
476,15679,28.0,53.67,,-0.006267239828594029,3.235470771789551,30,,,,,0.635239,
477,15735,56.0,53.51,,-0.006267239828594029,3.235470771789551,30,,,,,0.635239,
478,15771,36.0,53.63,,-0.006267239828594029,3.235470771789551,30,,,,,0.635239,
479,15804,33.0,53.31,,-0.006267239828594029,3.235470771789551,30,,,,,0.635239,
480,15862,58.0,53.6,,-0.0065938858540668605,3.5686519145965576,31,,,,,0.637607,
481,16122,260.0,55.95,,-0.0065938858540668605,3.5686519145965576,31,,,,,0.637607,
482,16193,71.0,56.38,,-0.0065938858540668605,3.5686519145965576,31,,,,,0.637607,
483,16219,26.0,56.25,,-0.0065938858540668605,3.5686519145965576,31,,,,,0.637607,
484,16288,69.0,56.5,,-0.0065938858540668605,3.5696492195129395,31,,,,,0.637607,
485,16397,109.0,57.05,,-0.0065938858540668605,3.5696492195129395,31,,,,,0.637607,
486,16484,87.0,57.71,,-0.0065938858540668605,3.5696492195129395,31,,,,,0.637607,
487,16524,40.0,57.85,,-0.0065938858540668605,3.5696492195129395,31,,,,,0.637607,
488,16677,153.0,58.24,,-0.0065938858540668605,3.5696492195129395,31,,,,,0.637607,
489,16711,34.0,57.35,,-0.0065938858540668605,3.5696492195129395,31,,,,,0.637607,
490,16850,139.0,58.46,,-0.0065938858540668605,3.5696492195129395,31,,,,,0.637607,
491,16867,17.0,58.29,,-0.0065938858540668605,3.5696492195129395,31,,,,,0.637607,
492,16951,84.0,58.84,,-0.0065938858540668605,3.5696492195129395,31,,,,,0.637607,
493,17032,81.0,59.22,,-0.0065938858540668605,3.5696492195129395,31,,,,,0.637607,
494,17091,59.0,59.54,,-0.0065938858540668605,3.5696492195129395,31,,,,,0.637607,
495,17123,32.0,59.1,,-0.0065938858540668605,3.5696492195129395,31,,,,,0.637607,
496,17162,39.0,58.86,,-0.006915965110238176,3.832606792449951,32,,,,,0.634909,
497,17185,23.0,58.48,,-0.006915965110238176,3.832606792449951,32,,,,,0.634909,
498,17233,48.0,58.13,,-0.006915965110238176,3.832606792449951,32,,,,,0.634909,
499,17320,87.0,58.64,,-0.006915965110238176,3.832606792449951,32,,,353.0,133.51404420509476,0.634909,
500,17469,149.0,59.84,,-0.006915965110238176,3.832606792449951,32,,,,,0.634909,
501,17536,67.0,60.07,,-0.006915965110238176,3.832606792449951,32,,,,,0.634909,
502,17566,30.0,59.99,,-0.006915965110238176,3.832606792449951,32,,,,,0.634909,
503,17602,36.0,59.7,,-0.006915965110238176,3.832606792449951,32,,,,,0.634909,
504,17658,56.0,59.24,,-0.006915965110238176,3.832606792449951,32,,,,,0.634909,
505,17833,175.0,60.45,,-0.006915965110238176,3.832606792449951,32,,,,,0.634909,
506,17858,25.0,60.48,,-0.006915965110238176,3.832606792449951,32,,,,,0.634909,
507,17898,40.0,60.52,,-0.006915965110238176,3.832606792449951,32,,,,,0.634909,
508,17969,71.0,61.11,,-0.006915965110238176,3.832606792449951,32,,,,,0.634909,
509,18056,87.0,61.57,,-0.006915965110238176,3.832606792449951,32,,,,,0.634909,
510,18083,27.0,61.63,,-0.006915965110238176,3.832606792449951,32,,,,,0.634909,
511,18150,67.0,62.13,,-0.006915965110238176,3.832606792449951,32,,,,,0.634909,
512,18175,25.0,61.87,,-0.0073984761962272005,4.000033617019653,33,,,,,0.628211,
513,18249,74.0,62.13,,-0.0073984761962272005,4.000033617019653,33,,,,,0.628211,
514,18301,52.0,62.21,,-0.0073984761962272005,4.000033617019653,33,,,,,0.628211,
515,18368,67.0,62.03,,-0.0073984761962272005,4.000033617019653,33,,,,,0.628211,
516,18405,37.0,61.57,,-0.0073984761962272005,4.000033617019653,33,,,,,0.628211,
517,18431,26.0,61.05,,-0.0073984761962272005,4.000033617019653,33,,,,,0.628211,
518,18545,114.0,61.75,,-0.0073984761962272005,4.000033617019653,33,,,,,0.628211,
519,18608,63.0,62.09,,-0.0073984761962272005,4.000033617019653,33,,,,,0.628211,
520,18688,80.0,62.48,,-0.0073984761962272005,4.0010316371917725,33,,,,,0.628211,
521,18778,90.0,62.75,,-0.0073984761962272005,4.0010316371917725,33,,,,,0.628211,
522,18858,80.0,63.4,,-0.0073984761962272005,4.0010316371917725,33,,,,,0.628211,
523,18890,32.0,63.47,,-0.0073984761962272005,4.0010316371917725,33,,,,,0.628211,
524,18914,24.0,63.49,,-0.0073984761962272005,4.0010316371917725,33,,,,,0.628211,
525,18955,41.0,63.3,,-0.0073984761962272005,4.0010316371917725,33,,,,,0.628211,
526,18982,27.0,63.43,,-0.0073984761962272005,4.0010316371917725,33,,,,,0.628211,
527,19005,23.0,63.15,,-0.0073984761962272005,4.0010316371917725,33,,,,,0.628211,
528,19137,132.0,63.47,,-0.007697410710320315,4.413084030151367,34,,,,,0.639147,
529,19196,59.0,63.73,,-0.007697410710320315,4.413084030151367,34,,,,,0.639147,
530,19297,101.0,64.17,,-0.007697410710320315,4.413084030151367,34,,,,,0.639147,
531,19389,92.0,64.88,,-0.007697410710320315,4.4140825271606445,34,,,,,0.639147,
532,19420,31.0,64.69,,-0.007697410710320315,4.4140825271606445,34,,,,,0.639147,
533,19468,48.0,64.18,,-0.007697410710320315,4.4140825271606445,34,,,,,0.639147,
534,19689,221.0,65.85,,-0.007697410710320315,4.4140825271606445,34,,,,,0.639147,
535,19705,16.0,65.74,,-0.007697410710320315,4.4140825271606445,34,,,,,0.639147,
536,19805,100.0,65.55,,-0.007697410710320315,4.4140825271606445,34,,,,,0.639147,
537,19896,91.0,66.05,,-0.007697410710320315,4.4140825271606445,34,,,,,0.639147,
538,19967,71.0,66.15,,-0.007697410710320315,4.4140825271606445,34,,,,,0.639147,
539,20062,95.0,66.82,,-0.007697410710320315,4.4140825271606445,34,,,,,0.639147,
540,20218,156.0,67.8,,-0.007697410710320315,4.4140825271606445,34,,,,,0.639147,
541,20314,96.0,67.79,,-0.007697410710320315,4.4140825271606445,34,,,,,0.639147,
542,20340,26.0,66.88,,-0.007697410710320315,4.4140825271606445,34,,,,,0.639147,
543,20632,292.0,68.15,,-0.007697410710320315,4.4140825271606445,34,,,,,0.639147,
544,20707,75.0,68.68,,-0.00813487650427435,4.60620641708374,35,,,,,0.624364,
545,20757,50.0,68.75,,-0.00813487650427435,4.60620641708374,35,,,,,0.624364,
546,20839,82.0,69.15,,-0.00813487650427435,4.60620641708374,35,,,,,0.624364,
547,20917,78.0,69.64,,-0.00813487650427435,4.60620641708374,35,,,,,0.624364,
548,20954,37.0,69.5,,-0.00813487650427435,4.60620641708374,35,,,,,0.624364,
549,20985,31.0,69.32,,-0.00813487650427435,4.60620641708374,35,,,383.6,134.9112300737044,0.624364,
550,20999,14.0,69.35,,-0.00813487650427435,4.60620641708374,35,,,,,0.624364,
551,21038,39.0,69.41,,-0.00813487650427435,4.60620641708374,35,,,,,0.624364,
552,21081,43.0,68.88,,-0.00813487650427435,4.60620641708374,35,,,,,0.624364,
553,21169,88.0,69.2,,-0.00813487650427435,4.60620641708374,35,,,,,0.624364,
554,21253,84.0,69.38,,-0.00813487650427435,4.60620641708374,35,,,,,0.624364,
555,21339,86.0,69.66,,-0.00813487650427435,4.60620641708374,35,,,,,0.624364,
556,21492,153.0,70.58,,-0.00813487650427435,4.60620641708374,35,,,,,0.624364,
557,21533,41.0,70.45,,-0.00813487650427435,4.60620641708374,35,,,,,0.624364,
558,21615,82.0,70.45,,-0.00813487650427435,4.60620641708374,35,,,,,0.624364,
559,21705,90.0,70.51,,-0.00813487650427435,4.60620641708374,35,,,,,0.624364,
560,21825,120.0,70.61,,-0.008140189256260378,4.8930137157440186,36,,,,,0.628147,
561,21942,117.0,71.17,,-0.008140189256260378,4.8930137157440186,36,,,,,0.628147,
562,22021,79.0,70.62,,-0.008140189256260378,4.8930137157440186,36,,,,,0.628147,
563,22092,71.0,70.34,,-0.008140189256260378,4.8930137157440186,36,,,,,0.628147,
564,22115,23.0,70.12,,-0.008140189256260378,4.8930137157440186,36,,,,,0.628147,
565,22214,99.0,70.68,,-0.008140189256260378,4.8930137157440186,36,,,,,0.628147,
566,22299,85.0,71.04,,-0.008140189256260378,4.8930137157440186,36,,,,,0.628147,
567,22394,95.0,71.22,,-0.008140189256260378,4.8930137157440186,36,,,,,0.628147,
568,22461,67.0,70.9,,-0.008140189256260378,4.8930137157440186,36,,,,,0.628147,
569,22524,63.0,70.84,,-0.008140189256260378,4.8930137157440186,36,,,,,0.628147,
570,22597,73.0,71.02,,-0.008140189256260378,4.8930137157440186,36,,,,,0.628147,
571,22642,45.0,71.14,,-0.008140189256260378,4.8930137157440186,36,,,,,0.628147,
572,22899,257.0,73.56,,-0.008140189256260378,4.8930137157440186,36,,,,,0.628147,
573,22944,45.0,73.77,,-0.008140189256260378,4.8930137157440186,36,,,,,0.628147,
574,23052,108.0,74.28,,-0.008140189256260378,4.8930137157440186,36,,,,,0.628147,
575,23163,111.0,75.12,,-0.008140189256260378,4.8930137157440186,36,,,,,0.628147,
576,23258,95.0,75.79,,-0.008362560954599365,5.101571321487427,37,,,,,0.619745,
577,23343,85.0,76.08,,-0.008362560954599365,5.101571321487427,37,,,,,0.619745,
578,23432,89.0,76.61,,-0.008362560954599365,5.101571321487427,37,,,,,0.619745,
579,23489,57.0,76.85,,-0.008362560954599365,5.101571321487427,37,,,,,0.619745,
580,23638,149.0,77.76,,-0.008362560954599365,5.101571321487427,37,,,,,0.619745,
581,23711,73.0,75.89,,-0.008362560954599365,5.101571321487427,37,,,,,0.619745,
582,23789,78.0,75.96,,-0.008362560954599365,5.101571321487427,37,,,,,0.619745,
583,23912,123.0,76.93,,-0.008362560954599365,5.101571321487427,37,,,,,0.619745,
584,24001,89.0,77.13,,-0.008362560954599365,5.101571321487427,37,,,,,0.619745,
585,24037,36.0,76.4,,-0.008362560954599365,5.101571321487427,37,,,,,0.619745,
586,24156,119.0,76.72,,-0.008362560954599365,5.101571321487427,37,,,,,0.619745,
587,24267,111.0,77.43,,-0.008362560954599365,5.101571321487427,37,,,,,0.619745,
588,24318,51.0,76.41,,-0.008362560954599365,5.101571321487427,37,,,,,0.619745,
589,24436,118.0,77.25,,-0.008362560954599365,5.101571321487427,37,,,,,0.619745,
590,24535,99.0,76.85,,-0.008362560954599365,5.101571321487427,37,,,,,0.619745,
591,24565,30.0,76.98,,-0.008362560954599365,5.101571321487427,37,,,,,0.619745,
592,24635,70.0,76.84,,-0.008582111981109176,5.363363027572632,38,,,,,0.627268,
593,24759,124.0,77.27,,-0.008582111981109176,5.363363027572632,38,,,,,0.627268,
594,24775,16.0,76.84,,-0.008582111981109176,5.363363027572632,38,,,,,0.627268,
595,24815,40.0,76.92,,-0.008582111981109176,5.363363027572632,38,,,,,0.627268,
596,24869,54.0,77.07,,-0.008582111981109176,5.363363027572632,38,,,,,0.627268,
597,24893,24.0,77.08,,-0.008582111981109176,5.363363027572632,38,,,,,0.627268,
598,24957,64.0,77.24,,-0.008582111981109176,5.363363027572632,38,,,,,0.627268,
599,25070,113.0,77.5,,-0.008582111981109176,5.363363027572632,38,,,435.4,129.2,0.627268,
600,25277,207.0,78.08,,-0.008582111981109176,5.363363027572632,38,,,,,0.627268,
601,25418,141.0,78.82,,-0.008582111981109176,5.364364147186279,38,,,,,0.627268,
602,25523,105.0,79.57,,-0.008582111981109176,5.364364147186279,38,,,,,0.627268,
603,25566,43.0,79.64,,-0.008582111981109176,5.364364147186279,38,,,,,0.627268,
604,25753,187.0,80.95,,-0.008582111981109176,5.364364147186279,38,,,,,0.627268,
605,25787,34.0,79.54,,-0.008582111981109176,5.364364147186279,38,,,,,0.627268,
606,25910,123.0,80.52,,-0.008582111981109176,5.364364147186279,38,,,,,0.627268,
607,25997,87.0,80.99,,-0.008582111981109176,5.364364147186279,38,,,,,0.627268,
608,26106,109.0,81.37,,-0.009135778748597473,5.662270784378052,39,,,,,0.620940,
609,26132,26.0,80.76,,-0.009135778748597473,5.662270784378052,39,,,,,0.620940,
610,26229,97.0,81.46,,-0.009135778748597473,5.663293361663818,39,,,,,0.620940,
611,26330,101.0,81.8,,-0.009135778748597473,5.663293361663818,39,,,,,0.620940,
612,26373,43.0,81.98,,-0.009135778748597473,5.663293361663818,39,,,,,0.620940,
613,26583,210.0,83.34,,-0.009135778748597473,5.663293361663818,39,,,,,0.620940,
614,26695,112.0,83.94,,-0.009135778748597473,5.663293361663818,39,,,,,0.620940,
615,26816,121.0,84.48,,-0.009135778748597473,5.663293361663818,39,,,,,0.620940,
616,26938,122.0,85.33,,-0.009135778748597473,5.663293361663818,39,,,,,0.620940,
617,27079,141.0,86.48,,-0.009135778748597473,5.663293361663818,39,,,,,0.620940,
618,27248,169.0,87.03,,-0.009135778748597473,5.663293361663818,39,,,,,0.620940,
619,27381,133.0,87.73,,-0.009135778748597473,5.663293361663818,39,,,,,0.620940,
620,27427,46.0,87.39,,-0.009135778748597473,5.663293361663818,39,,,,,0.620940,
621,27505,78.0,87.27,,-0.009135778748597473,5.663293361663818,39,,,,,0.620940,
622,27595,90.0,87.37,,-0.009135778748597473,5.663293361663818,39,,,,,0.620940,
623,27727,132.0,88.37,,-0.009135778748597473,5.663293361663818,39,,,,,0.620940,
624,27817,90.0,89.03,,-0.009320019505685196,5.923823595046997,40,,,,,0.616781,
625,27970,153.0,90.15,,-0.009320019505685196,5.923823595046997,40,,,,,0.616781,
626,28059,89.0,90.77,,-0.009320019505685196,5.923823595046997,40,,,,,0.616781,
627,28166,107.0,91.61,,-0.009320019505685196,5.923823595046997,40,,,,,0.616781,
628,28272,106.0,91.35,,-0.009320019505685196,5.923823595046997,40,,,,,0.616781,
629,28405,133.0,92.09,,-0.009320019505685196,5.923823595046997,40,,,,,0.616781,
630,28558,153.0,92.61,,-0.009320019505685196,5.923823595046997,40,,,,,0.616781,
631,28697,139.0,93.08,,-0.009320019505685196,5.923823595046997,40,,,,,0.616781,
632,28872,175.0,94.52,,-0.009320019505685196,5.923823595046997,40,,,,,0.616781,
633,29030,158.0,95.62,,-0.009320019505685196,5.923823595046997,40,,,,,0.616781,
634,29197,167.0,95.08,,-0.009320019505685196,5.923823595046997,40,,,,,0.616781,
635,29282,85.0,95.77,,-0.009320019505685196,5.923823595046997,40,,,,,0.616781,
636,29404,122.0,95.99,,-0.009320019505685196,5.924337148666382,40,,,,,0.616781,
637,29485,81.0,95.89,,-0.009320019505685196,5.924337148666382,40,,,,,0.616781,
638,29598,113.0,96.31,,-0.009320019505685196,5.924337148666382,40,,,,,0.616781,
639,29662,64.0,96.0,,-0.009320019505685196,5.924337148666382,40,,,,,0.616781,
640,29797,135.0,95.79,,-0.009336676715487024,6.32545804977417,41,,,,,0.618957,
641,29915,118.0,96.01,,-0.009336676715487024,6.32545804977417,41,,,,,0.618957,
642,29984,69.0,96.44,,-0.009336676715487024,6.325972080230713,41,,,,,0.618957,
643,30112,128.0,94.8,,-0.009336676715487024,6.325972080230713,41,,,,,0.618957,
644,30329,217.0,96.22,,-0.009336676715487024,6.325972080230713,41,,,,,0.618957,
645,30429,100.0,96.72,,-0.009336676715487024,6.325972080230713,41,,,,,0.618957,
646,30568,139.0,97.29,,-0.009336676715487024,6.325972080230713,41,,,,,0.618957,
647,30758,190.0,98.41,,-0.009336676715487024,6.325972080230713,41,,,,,0.618957,
648,31053,295.0,100.99,,-0.009336676715487024,6.325972080230713,41,,,,,0.618957,
649,31304,251.0,103.19,,-0.009336676715487024,6.325972080230713,41,,,471.0,58.0,0.618957,
650,31433,129.0,104.34,,-0.009336676715487024,6.325972080230713,41,,,,,0.618957,
651,31517,84.0,104.79,,-0.009336676715487024,6.325972080230713,41,,,,,0.618957,
652,31712,195.0,106.31,,-0.009336676715487024,6.325972080230713,41,,,,,0.618957,
653,31974,262.0,108.05,,-0.009336676715487024,6.325972080230713,41,,,,,0.618957,
654,32138,164.0,108.85,,-0.009336676715487024,6.325972080230713,41,,,,,0.618957,
655,32192,54.0,108.53,,-0.009336676715487024,6.325972080230713,41,,,,,0.618957,
656,32327,135.0,108.35,,-0.009406744075628618,6.666924715042114,42,,,,,0.610067,
657,32457,130.0,109.24,,-0.009406744075628618,6.666924715042114,42,,,,,0.610067,
658,32592,135.0,109.77,,-0.009406744075628618,6.666924715042114,42,,,,,0.610067,
659,32736,144.0,110.31,,-0.009406744075628618,6.666924715042114,42,,,,,0.610067,
660,32870,134.0,110.45,,-0.009406744075628618,6.666924715042114,42,,,,,0.610067,
661,32998,128.0,110.56,,-0.009406744075628618,6.666924715042114,42,,,,,0.610067,
662,33100,102.0,110.79,,-0.009406744075628618,6.666924715042114,42,,,,,0.610067,
663,33271,171.0,111.79,,-0.009406744075628618,6.666924715042114,42,,,,,0.610067,
664,33400,129.0,112.85,,-0.009406744075628618,6.666924715042114,42,,,,,0.610067,
665,33497,97.0,112.83,,-0.009406744075628618,6.666924715042114,42,,,,,0.610067,
666,33714,217.0,114.15,,-0.009406744075628618,6.666924715042114,42,,,,,0.610067,
667,33782,68.0,113.88,,-0.009406744075628618,6.666924715042114,42,,,,,0.610067,
668,33877,95.0,114.16,,-0.009406744075628618,6.666924715042114,42,,,,,0.610067,
669,34068,191.0,115.44,,-0.009406744075628618,6.666924715042114,42,,,,,0.610067,
670,34323,255.0,117.26,,-0.009406744075628618,6.666924715042114,42,,,,,0.610067,
671,34446,123.0,118.04,,-0.009406744075628618,6.666924715042114,42,,,,,0.610067,
672,34635,189.0,117.36,,-0.00942888030197558,7.052306413650513,43,,,,,0.611024,
673,34753,118.0,118.09,,-0.00942888030197558,7.052306413650513,43,,,,,0.611024,
674,34885,132.0,118.33,,-0.00942888030197558,7.052306413650513,43,,,,,0.611024,
675,35050,165.0,118.87,,-0.00942888030197558,7.052306413650513,43,,,,,0.611024,
676,35115,65.0,118.57,,-0.00942888030197558,7.052306413650513,43,,,,,0.611024,
677,35298,183.0,119.55,,-0.00942888030197558,7.052306413650513,43,,,,,0.611024,
678,35470,172.0,120.38,,-0.00942888030197558,7.052306413650513,43,,,,,0.611024,
679,35758,288.0,122.69,,-0.00942888030197558,7.052306413650513,43,,,,,0.611024,
680,35958,200.0,123.2,,-0.00942888030197558,7.052306413650513,43,,,,,0.611024,
681,36145,187.0,124.34,,-0.00942888030197558,7.052306413650513,43,,,,,0.611024,
682,36262,117.0,124.73,,-0.00942888030197558,7.052306413650513,43,,,,,0.611024,
683,36395,133.0,124.83,,-0.00942888030197558,7.052306413650513,43,,,,,0.611024,
684,36478,83.0,124.77,,-0.00942888030197558,7.052306413650513,43,,,,,0.611024,
685,36538,60.0,125.01,,-0.00942888030197558,7.052306413650513,43,,,,,0.611024,
686,36678,140.0,125.22,,-0.00942888030197558,7.052306413650513,43,,,,,0.611024,
687,36755,77.0,124.88,,-0.00942888030197558,7.052306413650513,43,,,,,0.611024,
688,36927,172.0,126.09,,-0.0096675129766068,7.556129693984985,44,,,,,0.598893,
689,36978,51.0,125.42,,-0.0096675129766068,7.556688070297241,44,,,,,0.598893,
690,37175,197.0,126.4,,-0.0096675129766068,7.556688070297241,44,,,,,0.598893,
691,37319,144.0,127.54,,-0.0096675129766068,7.556688070297241,44,,,,,0.598893,
692,37358,39.0,127.23,,-0.0096675129766068,7.556688070297241,44,,,,,0.598893,
693,37557,199.0,127.98,,-0.0096675129766068,7.556688070297241,44,,,,,0.598893,
694,37922,365.0,131.47,,-0.0096675129766068,7.556688070297241,44,,,,,0.598893,
695,38067,145.0,132.52,,-0.0096675129766068,7.556688070297241,44,,,,,0.598893,
696,38293,226.0,134.24,,-0.0096675129766068,7.556688070297241,44,,,,,0.598893,
697,38389,96.0,134.96,,-0.0096675129766068,7.556688070297241,44,,,,,0.598893,
698,38457,68.0,135.0,,-0.0096675129766068,7.556688070297241,44,,,,,0.598893,
699,38634,177.0,135.64,,-0.0096675129766068,7.556688070297241,44,,,498.8,2.4,0.598893,
700,38772,138.0,134.95,,-0.0096675129766068,7.557690858840942,44,,,,,0.598893,
701,39009,237.0,135.91,,-0.0096675129766068,7.557690858840942,44,,,,,0.598893,
702,39176,167.0,136.53,,-0.0096675129766068,7.557690858840942,44,,,,,0.598893,
703,39294,118.0,137.28,,-0.0096675129766068,7.557690858840942,44,,,,,0.598893,
704,39450,156.0,136.97,,-0.009706552197328872,8.033447265625,45,,,,,0.603160,
705,39469,19.0,136.82,,-0.009706552197328872,8.033447265625,45,,,,,0.603160,
706,39523,54.0,136.13,,-0.009706552197328872,8.033447265625,45,,,,,0.603160,
707,39690,167.0,136.93,,-0.009706552197328872,8.033447265625,45,,,,,0.603160,
708,39881,191.0,137.75,,-0.009706552197328872,8.033447265625,45,,,,,0.603160,
709,40213,332.0,140.81,,-0.009706552197328872,8.033447265625,45,,,,,0.603160,
710,40396,183.0,141.67,,-0.009706552197328872,8.033447265625,45,,,,,0.603160,
711,40558,162.0,142.28,,-0.009706552197328872,8.033447265625,45,,,,,0.603160,
712,40706,148.0,143.33,,-0.009706552197328872,8.033447265625,45,,,,,0.603160,
713,40870,164.0,142.87,,-0.009706552197328872,8.033447265625,45,,,,,0.603160,
714,41009,139.0,143.14,,-0.009706552197328872,8.033447265625,45,,,,,0.603160,
715,41167,158.0,143.51,,-0.009706552197328872,8.033447265625,45,,,,,0.603160,
716,41354,187.0,144.16,,-0.009706552197328872,8.033447265625,45,,,,,0.603160,
717,41548,194.0,144.69,,-0.009706552197328872,8.033447265625,45,,,,,0.603160,
718,41564,16.0,143.16,,-0.009706552197328872,8.033447265625,45,,,,,0.603160,
719,41825,261.0,144.44,,-0.009706552197328872,8.033447265625,45,,,,,0.603160,
720,41984,159.0,145.57,,-0.009682295029051602,8.657273530960083,46,,,,,0.604578,
721,42156,172.0,146.51,,-0.009682295029051602,8.657273530960083,46,,,,,0.604578,
722,42269,113.0,146.74,,-0.009682295029051602,8.657273530960083,46,,,,,0.604578,
723,42538,269.0,148.11,,-0.009682295029051602,8.657273530960083,46,,,,,0.604578,
724,42597,59.0,147.8,,-0.009682295029051602,8.657273530960083,46,,,,,0.604578,
725,43062,465.0,150.92,,-0.009682295029051602,8.657273530960083,46,,,,,0.604578,
726,43118,56.0,150.59,,-0.009682295029051602,8.657273530960083,46,,,,,0.604578,
727,43503,385.0,153.37,,-0.009682295029051602,8.657273530960083,46,,,,,0.604578,
728,43707,204.0,154.35,,-0.009682295029051602,8.657273530960083,46,,,,,0.604578,
729,43883,176.0,154.78,,-0.009682295029051602,8.657273530960083,46,,,,,0.604578,
730,44055,172.0,154.97,,-0.009682295029051602,8.657273530960083,46,,,,,0.604578,
731,44379,324.0,156.82,,-0.009682295029051602,8.657273530960083,46,,,,,0.604578,
732,44618,239.0,157.46,,-0.009682295029051602,8.657273530960083,46,,,,,0.604578,
733,44703,85.0,156.73,,-0.009682295029051602,8.657273530960083,46,,,,,0.604578,
734,44912,209.0,157.15,,-0.009682295029051602,8.657273530960083,46,,,,,0.604578,
735,45170,258.0,158.88,,-0.009682295029051602,8.657273530960083,46,,,,,0.604578,
736,45384,214.0,159.8,,-0.009776788838009568,9.367624282836914,47,,,,,0.606167,
737,45618,234.0,161.33,,-0.009776788838009568,9.367624282836914,47,,,,,0.606167,
738,45857,239.0,162.59,,-0.009776788838009568,9.367624282836914,47,,,,,0.606167,
739,46055,198.0,163.93,,-0.009776788838009568,9.367624282836914,47,,,,,0.606167,
740,46114,59.0,163.17,,-0.009776788838009568,9.367624282836914,47,,,,,0.606167,
741,46521,407.0,166.06,,-0.009776788838009568,9.367624282836914,47,,,,,0.606167,
742,46687,166.0,167.03,,-0.009776788838009568,9.367624282836914,47,,,,,0.606167,
743,46788,101.0,166.76,,-0.009776788838009568,9.367624282836914,47,,,,,0.606167,
744,46954,166.0,166.25,,-0.009776788838009568,9.367624282836914,47,,,,,0.606167,
745,47193,239.0,167.64,,-0.009776788838009568,9.367624282836914,47,,,,,0.606167,
746,47693,500.0,171.25,,-0.009776788838009568,9.367624282836914,47,,,,,0.606167,
747,47992,299.0,172.34,,-0.009776788838009568,9.367624282836914,47,,,,,0.606167,
748,48071,79.0,170.18,,-0.009776788838009568,9.367624282836914,47,,,,,0.606167,
749,48279,208.0,169.75,,-0.009776788838009568,9.367624282836914,47,,,500.0,0.0,0.606167,
750,48481,202.0,170.48,,-0.009776788838009568,9.367624282836914,47,,,,,0.606167,
751,48702,221.0,171.85,,-0.009776788838009568,9.367624282836914,47,,,,,0.606167,
752,49202,500.0,174.9,,-0.009785742028422343,10.056495189666748,48,,,,,0.600308,
753,49396,194.0,174.22,,-0.009785742028422343,10.056495189666748,48,,,,,0.600308,
754,49485,89.0,173.47,,-0.009785742028422343,10.056495189666748,48,,,,,0.600308,
755,49657,172.0,174.65,,-0.009785742028422343,10.056495189666748,48,,,,,0.600308,
756,49907,250.0,175.8,,-0.009785742028422343,10.056495189666748,48,,,,,0.600308,
757,50184,277.0,177.27,,-0.009785742028422343,10.056495189666748,48,,,,,0.600308,
758,50361,177.0,177.69,,-0.009785742028422343,10.056495189666748,48,,,,,0.600308,
759,50447,86.0,177.11,,-0.009785742028422343,10.056495189666748,48,,,,,0.600308,
760,50675,228.0,178.05,,-0.009785742028422343,10.056495189666748,48,,,,,0.600308,
761,50714,39.0,177.16,,-0.009785742028422343,10.056495189666748,48,,,,,0.600308,
762,50892,178.0,177.92,,-0.009785742028422343,10.056495189666748,48,,,,,0.600308,
763,51065,173.0,177.94,,-0.009785742028422343,10.056495189666748,48,,,,,0.600308,
764,51199,134.0,177.99,,-0.009785742028422343,10.056495189666748,48,,,,,0.600308,
765,51427,228.0,179.3,,-0.009785742028422343,10.056495189666748,48,,,,,0.600308,
766,51812,385.0,180.98,,-0.009785742028422343,10.056495189666748,48,,,,,0.600308,
767,51978,166.0,181.96,,-0.009785742028422343,10.056495189666748,48,,,,,0.600308,
768,52371,393.0,184.94,,-0.009681581970950474,10.651644945144653,49,,,,,0.601638,
769,52565,194.0,184.97,,-0.009681581970950474,10.651644945144653,49,,,,,0.601638,
770,52743,178.0,184.2,,-0.009681581970950474,10.651644945144653,49,,,,,0.601638,
771,52872,129.0,184.26,,-0.009681581970950474,10.651644945144653,49,,,,,0.601638,
772,53093,221.0,184.58,,-0.009681581970950474,10.651644945144653,49,,,,,0.601638,
773,53379,286.0,186.26,,-0.009681581970950474,10.651644945144653,49,,,,,0.601638,
774,53586,207.0,187.01,,-0.009681581970950474,10.652546644210815,49,,,,,0.601638,
775,53742,156.0,186.92,,-0.009681581970950474,10.652546644210815,49,,,,,0.601638,
776,53891,149.0,187.76,,-0.009681581970950474,10.652546644210815,49,,,,,0.601638,
777,54098,207.0,188.0,,-0.009681581970950474,10.652546644210815,49,,,,,0.601638,
778,54391,293.0,189.21,,-0.009681581970950474,10.652546644210815,49,,,,,0.601638,
779,54414,23.0,186.56,,-0.009681581970950474,10.652546644210815,49,,,,,0.601638,
780,54793,379.0,188.35,,-0.009681581970950474,10.652546644210815,49,,,,,0.601638,
781,54930,137.0,187.85,,-0.009681581970950474,10.652546644210815,49,,,,,0.601638,
782,55099,169.0,188.37,,-0.009681581970950474,10.652546644210815,49,,,,,0.601638,
783,55368,269.0,189.73,,-0.009681581970950474,10.652546644210815,49,,,,,0.601638,
784,55697,329.0,192.19,,-0.009636244107969105,11.288992166519165,50,,,,,0.604624,
785,55835,138.0,192.97,,-0.009636244107969105,11.288992166519165,50,,,,,0.604624,
786,56068,233.0,193.9,,-0.009636244107969105,11.288992166519165,50,,,,,0.604624,
787,56224,156.0,194.69,,-0.009636244107969105,11.288992166519165,50,,,,,0.604624,
788,56610,386.0,196.83,,-0.009636244107969105,11.288992166519165,50,,,,,0.604624,
789,56818,208.0,198.4,,-0.009636244107969105,11.288992166519165,50,,,,,0.604624,
790,57086,268.0,199.11,,-0.009636244107969105,11.288992166519165,50,,,,,0.604624,
791,57276,190.0,199.57,,-0.009636244107969105,11.288992166519165,50,,,,,0.604624,
792,57472,196.0,201.14,,-0.009636244107969105,11.288992166519165,50,,,,,0.604624,
793,57781,309.0,202.24,,-0.009636244107969105,11.288992166519165,50,,,,,0.604624,
794,58208,427.0,202.86,,-0.009636244107969105,11.288992166519165,50,,,,,0.604624,
795,58426,218.0,203.59,,-0.009636244107969105,11.288992166519165,50,,,,,0.604624,
796,58575,149.0,202.82,,-0.009636244107969105,11.288992166519165,50,,,,,0.604624,
797,58824,249.0,204.35,,-0.009636244107969105,11.288992166519165,50,,,,,0.604624,
798,59149,325.0,206.92,,-0.009636244107969105,11.288992166519165,50,,,,,0.604624,
799,59385,236.0,207.51,,-0.009636244107969105,11.288992166519165,50,,,500.0,0.0,0.604624,
800,59619,234.0,208.47,,-0.010970409954898059,12.04578948020935,51,,,,,0.601130,
801,59786,167.0,207.77,,-0.010970409954898059,12.04578948020935,51,,,,,0.601130,
802,60021,235.0,208.45,,-0.010970409954898059,12.04578948020935,51,,,,,0.601130,
803,60419,398.0,211.25,,-0.010970409954898059,12.04578948020935,51,,,,,0.601130,
804,60677,258.0,212.27,,-0.010970409954898059,12.04578948020935,51,,,,,0.601130,
805,60837,160.0,213.68,,-0.010970409954898059,12.04578948020935,51,,,,,0.601130,
806,61337,500.0,218.14,,-0.010970409954898059,12.04578948020935,51,,,,,0.601130,
807,61564,227.0,218.74,,-0.010970409954898059,12.04578948020935,51,,,,,0.601130,
808,61744,180.0,218.63,,-0.010970409954898059,12.04578948020935,51,,,,,0.601130,
809,61929,185.0,217.16,,-0.010970409954898059,12.04578948020935,51,,,,,0.601130,
810,62024,95.0,216.28,,-0.010970409954898059,12.04578948020935,51,,,,,0.601130,
811,62486,462.0,219.28,,-0.010970409954898059,12.04578948020935,51,,,,,0.601130,
812,62723,237.0,220.17,,-0.010970409954898059,12.04578948020935,51,,,,,0.601130,
813,62919,196.0,220.49,,-0.010970409954898059,12.04578948020935,51,,,,,0.601130,
814,63284,365.0,222.75,,-0.010970409954898059,12.04578948020935,51,,,,,0.601130,
815,63529,245.0,223.62,,-0.010970409954898059,12.046790599822998,51,,,,,0.601130,
816,63787,258.0,224.33,,-0.011648034597747027,12.600993394851685,52,,,,,0.602803,
817,63994,207.0,224.46,,-0.011648034597747027,12.600993394851685,52,,,,,0.602803,
818,64272,278.0,227.08,,-0.011648034597747027,12.600993394851685,52,,,,,0.602803,
819,64772,500.0,229.47,,-0.011648034597747027,12.600993394851685,52,,,,,0.602803,
820,64946,174.0,229.62,,-0.011648034597747027,12.600993394851685,52,,,,,0.602803,
821,65446,500.0,232.9,,-0.011648034597747027,12.600993394851685,52,,,,,0.602803,
822,65788,342.0,235.19,,-0.011648034597747027,12.600993394851685,52,,,,,0.602803,
823,66076,288.0,235.38,,-0.011648034597747027,12.601994514465332,52,,,,,0.602803,
824,66203,127.0,236.06,,-0.011648034597747027,12.601994514465332,52,,,,,0.602803,
825,66357,154.0,232.95,,-0.011648034597747027,12.601994514465332,52,,,,,0.602803,
826,66558,201.0,234.4,,-0.011648034597747027,12.601994514465332,52,,,,,0.602803,
827,66703,145.0,232.0,,-0.011648034597747027,12.601994514465332,52,,,,,0.602803,
828,66799,96.0,230.92,,-0.011648034597747027,12.601994514465332,52,,,,,0.602803,
829,66963,164.0,230.8,,-0.011648034597747027,12.601994514465332,52,,,,,0.602803,
830,67154,191.0,230.99,,-0.011648034597747027,12.601994514465332,52,,,,,0.602803,
831,67302,148.0,229.23,,-0.011648034597747027,12.601994514465332,52,,,,,0.602803,
832,67589,287.0,229.71,,-0.01195713706780225,13.349048376083374,53,,,,,0.592851,
833,68089,500.0,233.86,,-0.01195713706780225,13.349048376083374,53,,,,,0.592851,
834,68231,142.0,233.19,,-0.01195713706780225,13.349048376083374,53,,,,,0.592851,
835,68647,416.0,234.77,,-0.01195713706780225,13.349048376083374,53,,,,,0.592851,
836,68889,242.0,235.05,,-0.01195713706780225,13.349048376083374,53,,,,,0.592851,
837,69146,257.0,235.28,,-0.01195713706780225,13.349048376083374,53,,,,,0.592851,
838,69310,164.0,234.53,,-0.01195713706780225,13.349048376083374,53,,,,,0.592851,
839,69485,175.0,234.3,,-0.01195713706780225,13.349048376083374,53,,,,,0.592851,
840,69539,54.0,234.25,,-0.01195713706780225,13.349048376083374,53,,,,,0.592851,
841,69726,187.0,232.05,,-0.01195713706780225,13.349048376083374,53,,,,,0.592851,
842,69938,212.0,232.51,,-0.01195713706780225,13.349048376083374,53,,,,,0.592851,
843,70284,346.0,234.96,,-0.01195713706780225,13.349048376083374,53,,,,,0.592851,
844,70516,232.0,235.62,,-0.01195713706780225,13.349048376083374,53,,,,,0.592851,
845,70878,362.0,236.85,,-0.01195713706780225,13.349048376083374,53,,,,,0.592851,
846,71046,168.0,233.53,,-0.01195713706780225,13.349048376083374,53,,,,,0.592851,
847,71486,440.0,234.94,,-0.01195713706780225,13.349048376083374,53,,,,,0.592851,
848,71917,431.0,238.46,,-0.01247372810728848,14.144484519958496,54,,,,,0.596364,
849,72225,308.0,239.46,,-0.01247372810728848,14.144484519958496,54,,,500.0,0.0,0.596364,
850,72449,224.0,239.68,,-0.01247372810728848,14.144484519958496,54,,,,,0.596364,
851,72761,312.0,240.59,,-0.01247372810728848,14.145596981048584,54,,,,,0.596364,
852,72905,144.0,237.03,,-0.01247372810728848,14.145596981048584,54,,,,,0.596364,
853,73215,310.0,238.19,,-0.01247372810728848,14.145596981048584,54,,,,,0.596364,
854,73715,500.0,242.3,,-0.01247372810728848,14.145596981048584,54,,,,,0.596364,
855,73939,224.0,242.82,,-0.01247372810728848,14.145596981048584,54,,,,,0.596364,
856,74207,268.0,243.0,,-0.01247372810728848,14.145596981048584,54,,,,,0.596364,
857,74383,176.0,241.99,,-0.01247372810728848,14.145596981048584,54,,,,,0.596364,
858,74725,342.0,243.64,,-0.01247372810728848,14.145596981048584,54,,,,,0.596364,
859,75067,342.0,246.2,,-0.01247372810728848,14.145596981048584,54,,,,,0.596364,
860,75289,222.0,246.14,,-0.01247372810728848,14.145596981048584,54,,,,,0.596364,
861,75491,202.0,247.77,,-0.01247372810728848,14.145596981048584,54,,,,,0.596364,
862,75991,500.0,250.99,,-0.01247372810728848,14.145596981048584,54,,,,,0.596364,
863,76364,373.0,252.99,,-0.01247372810728848,14.145596981048584,54,,,,,0.596364,
864,76864,500.0,256.65,,-0.012712915847077965,14.949091672897339,55,,,,,0.595194,
865,77364,500.0,259.37,,-0.012712915847077965,14.949091672897339,55,,,,,0.595194,
866,77578,214.0,257.66,,-0.012712915847077965,14.949091672897339,55,,,,,0.595194,
867,77830,252.0,258.52,,-0.012712915847077965,14.949091672897339,55,,,,,0.595194,
868,78330,500.0,259.59,,-0.012712915847077965,14.949091672897339,55,,,,,0.595194,
869,78830,500.0,262.65,,-0.012712915847077965,14.949091672897339,55,,,,,0.595194,
870,79033,203.0,262.9,,-0.012712915847077965,14.949091672897339,55,,,,,0.595194,
871,79481,448.0,266.09,,-0.012712915847077965,14.949091672897339,55,,,,,0.595194,
872,79981,500.0,268.88,,-0.012712915847077965,14.949091672897339,55,,,,,0.595194,
873,80481,500.0,271.02,,-0.012712915847077965,14.949091672897339,55,,,,,0.595194,
874,80625,144.0,270.39,,-0.012712915847077965,14.949091672897339,55,,,,,0.595194,
875,80713,88.0,269.71,,-0.012712915847077965,14.949091672897339,55,,,,,0.595194,
876,81144,431.0,272.53,,-0.012712915847077965,14.949091672897339,55,,,,,0.595194,
877,81644,500.0,275.46,,-0.012712915847077965,14.950068235397339,55,,,,,0.595194,
878,81858,214.0,274.67,,-0.012712915847077965,14.950068235397339,55,,,,,0.595194,
879,82054,196.0,276.4,,-0.012712915847077965,14.950068235397339,55,,,,,0.595194,
880,82216,162.0,274.23,,-0.012974621923640371,15.688673734664917,56,,,,,0.595211,
881,82716,500.0,277.86,,-0.012974621923640371,15.688673734664917,56,,,,,0.595211,
882,83216,500.0,281.17,,-0.012974621923640371,15.688673734664917,56,,,,,0.595211,
883,83690,474.0,283.22,,-0.012974621923640371,15.688673734664917,56,,,,,0.595211,
884,83884,194.0,281.87,,-0.012974621923640371,15.688673734664917,56,,,,,0.595211,
885,84384,500.0,285.49,,-0.012974621923640371,15.688673734664917,56,,,,,0.595211,
886,84549,165.0,284.81,,-0.012974621923640371,15.688673734664917,56,,,,,0.595211,
887,85049,500.0,288.25,,-0.012974621923640371,15.688673734664917,56,,,,,0.595211,
888,85282,233.0,286.72,,-0.012974621923640371,15.688673734664917,56,,,,,0.595211,
889,85419,137.0,286.01,,-0.012974621923640371,15.688673734664917,56,,,,,0.595211,
890,85877,458.0,287.91,,-0.012974621923640371,15.688673734664917,56,,,,,0.595211,
891,86160,283.0,288.84,,-0.012974621923640371,15.688673734664917,56,,,,,0.595211,
892,86389,229.0,289.17,,-0.012974621923640371,15.688673734664917,56,,,,,0.595211,
893,86817,428.0,290.36,,-0.012974621923640371,15.688673734664917,56,,,,,0.595211,
894,87032,215.0,288.24,,-0.012974621923640371,15.688673734664917,56,,,,,0.595211,
895,87262,230.0,288.36,,-0.012974621923640371,15.688673734664917,56,,,,,0.595211,
896,87589,327.0,290.14,,-0.013161635175347328,16.455799341201782,57,,,,,0.597642,
897,88089,500.0,292.65,,-0.013161635175347328,16.455799341201782,57,,,,,0.597642,
898,88589,500.0,294.4,,-0.013161635175347328,16.455799341201782,57,,,,,0.597642,
899,89089,500.0,297.04,,-0.013161635175347328,16.455799341201782,57,,,500.0,0.0,0.597642,
900,89564,475.0,299.45,,-0.013161635175347328,16.455799341201782,57,,,,,0.597642,
901,90064,500.0,302.78,,-0.013161635175347328,16.456799268722534,57,,,,,0.597642,
902,90564,500.0,305.43,,-0.013161635175347328,16.456799268722534,57,,,,,0.597642,
903,90747,183.0,303.28,,-0.013161635175347328,16.456799268722534,57,,,,,0.597642,
904,91075,328.0,303.98,,-0.013161635175347328,16.456799268722534,57,,,,,0.597642,
905,91575,500.0,307.38,,-0.013161635175347328,16.456799268722534,57,,,,,0.597642,
906,91977,402.0,306.4,,-0.013161635175347328,16.456799268722534,57,,,,,0.597642,
907,92266,289.0,307.02,,-0.013161635175347328,16.456799268722534,57,,,,,0.597642,
908,92461,195.0,307.17,,-0.013161635175347328,16.456799268722534,57,,,,,0.597642,
909,92679,218.0,307.5,,-0.013161635175347328,16.456799268722534,57,,,,,0.597642,
910,93179,500.0,311.55,,-0.013161635175347328,16.456799268722534,57,,,,,0.597642,
911,93679,500.0,311.93,,-0.013161635175347328,16.456799268722534,57,,,,,0.597642,
912,94111,432.0,313.88,,-0.013262520518619567,17.237107276916504,58,,,,,0.594530,
913,94611,500.0,316.92,,-0.013262520518619567,17.237107276916504,58,,,,,0.594530,
914,95111,500.0,318.27,,-0.013262520518619567,17.237107276916504,58,,,,,0.594530,
915,95611,500.0,320.82,,-0.013262520518619567,17.237107276916504,58,,,,,0.594530,
916,96075,464.0,322.88,,-0.013262520518619567,17.237107276916504,58,,,,,0.594530,
917,96575,500.0,325.81,,-0.013262520518619567,17.237107276916504,58,,,,,0.594530,
918,96873,298.0,326.01,,-0.013262520518619567,17.237107276916504,58,,,,,0.594530,
919,97292,419.0,325.2,,-0.013262520518619567,17.237107276916504,58,,,,,0.594530,
920,97792,500.0,328.46,,-0.013262520518619567,17.237107276916504,58,,,,,0.594530,
921,98181,389.0,327.35,,-0.013262520518619567,17.237107276916504,58,,,,,0.594530,
922,98398,217.0,326.1,,-0.013262520518619567,17.237107276916504,58,,,,,0.594530,
923,98691,293.0,326.15,,-0.013262520518619567,17.237107276916504,58,,,,,0.594530,
924,98880,189.0,326.77,,-0.013262520518619567,17.237107276916504,58,,,,,0.594530,
925,99380,500.0,330.23,,-0.013262520518619567,17.238121032714844,58,,,,,0.594530,
926,99560,180.0,330.02,,-0.013262520518619567,17.238121032714844,58,,,,,0.594530,
927,100060,500.0,333.57,,-0.013262520518619567,17.238121032714844,58,,,,,0.594530,
928,100560,500.0,337.61,,-0.013237517157103867,18.03327441215515,59,,,,,0.591734,
929,100905,345.0,339.42,,-0.013237517157103867,18.03327441215515,59,,,,,0.591734,
930,101405,500.0,342.51,,-0.013237517157103867,18.03327441215515,59,,,,,0.591734,
931,101666,261.0,343.64,,-0.013237517157103867,18.03327441215515,59,,,,,0.591734,
932,102157,491.0,345.68,,-0.013237517157103867,18.03327441215515,59,,,,,0.591734,
933,102657,500.0,345.68,,-0.013237517157103867,18.03327441215515,59,,,,,0.591734,
934,103157,500.0,349.26,,-0.013237517157103867,18.03327441215515,59,,,,,0.591734,
935,103657,500.0,350.1,,-0.013237517157103867,18.03327441215515,59,,,,,0.591734,
936,104157,500.0,352.68,,-0.013237517157103867,18.03327441215515,59,,,,,0.591734,
937,104657,500.0,355.11,,-0.013237517157103867,18.034273624420166,59,,,,,0.591734,
938,104804,147.0,354.94,,-0.013237517157103867,18.034273624420166,59,,,,,0.591734,
939,105066,262.0,355.81,,-0.013237517157103867,18.034273624420166,59,,,,,0.591734,
940,105296,230.0,357.57,,-0.013237517157103867,18.034273624420166,59,,,,,0.591734,
941,105715,419.0,359.89,,-0.013237517157103867,18.034273624420166,59,,,,,0.591734,
942,106215,500.0,362.77,,-0.013237517157103867,18.034273624420166,59,,,,,0.591734,
943,106305,90.0,360.21,,-0.013237517157103867,18.034273624420166,59,,,,,0.591734,
944,106805,500.0,362.89,,-0.013191640914883465,18.824127912521362,60,,,,,0.591837,
945,107305,500.0,364.27,,-0.013191640914883465,18.824127912521362,60,,,,,0.591837,
946,107805,500.0,367.59,,-0.013191640914883465,18.824127912521362,60,,,,,0.591837,
947,108275,470.0,367.89,,-0.013191640914883465,18.824127912521362,60,,,,,0.591837,
948,108775,500.0,368.58,,-0.013191640914883465,18.824127912521362,60,,,,,0.591837,
949,109143,368.0,369.18,,-0.013191640914883465,18.824127912521362,60,,,500.0,0.0,0.591837,
950,109643,500.0,371.94,,-0.013191640914883465,18.824127912521362,60,,,,,0.591837,
951,109917,274.0,371.56,,-0.013191640914883465,18.824127912521362,60,,,,,0.591837,
952,110417,500.0,375.12,,-0.013191640914883465,18.824127912521362,60,,,,,0.591837,
953,110917,500.0,377.02,,-0.013191640914883465,18.824127912521362,60,,,,,0.591837,
954,111140,223.0,374.25,,-0.013191640914883465,18.824127912521362,60,,,,,0.591837,
955,111640,500.0,377.01,,-0.013191640914883465,18.824127912521362,60,,,,,0.591837,
956,112140,500.0,379.33,,-0.013191640914883465,18.824127912521362,60,,,,,0.591837,
957,112640,500.0,382.57,,-0.013191640914883465,18.824127912521362,60,,,,,0.591837,
958,113140,500.0,384.15,,-0.013191640914883465,18.824127912521362,60,,,,,0.591837,
959,113640,500.0,385.73,,-0.013191640914883465,18.824127912521362,60,,,,,0.591837,
960,113834,194.0,385.45,,-0.013212503155227751,19.596778392791748,61,,,,,0.595506,
961,114334,500.0,388.43,,-0.013212503155227751,19.596778392791748,61,,,,,0.595506,
962,114764,430.0,387.73,,-0.013212503155227751,19.596778392791748,61,,,,,0.595506,
963,115264,500.0,389.0,,-0.013212503155227751,19.596778392791748,61,,,,,0.595506,
964,115439,175.0,385.75,,-0.013212503155227751,19.596778392791748,61,,,,,0.595506,
965,115939,500.0,385.75,,-0.013212503155227751,19.596778392791748,61,,,,,0.595506,
966,116439,500.0,388.61,,-0.013212503155227751,19.596778392791748,61,,,,,0.595506,
967,116939,500.0,391.09,,-0.013212503155227751,19.596778392791748,61,,,,,0.595506,
968,117439,500.0,391.09,,-0.013212503155227751,19.596778392791748,61,,,,,0.595506,
969,117607,168.0,387.77,,-0.013212503155227751,19.596778392791748,61,,,,,0.595506,
970,118009,402.0,389.76,,-0.013212503155227751,19.596778392791748,61,,,,,0.595506,
971,118509,500.0,390.28,,-0.013212503155227751,19.596778392791748,61,,,,,0.595506,
972,118677,168.0,386.96,,-0.013212503155227751,19.596778392791748,61,,,,,0.595506,
973,119177,500.0,386.96,,-0.013212503155227751,19.596778392791748,61,,,,,0.595506,
974,119677,500.0,390.52,,-0.013212503155227751,19.596778392791748,61,,,,,0.595506,
975,120177,500.0,394.64,,-0.013212503155227751,19.596778392791748,61,,,,,0.595506,
976,120358,181.0,392.14,,-0.012959518341813237,20.352383375167847,62,,,,,0.588956,
977,120858,500.0,392.14,,-0.012959518341813237,20.352383375167847,62,,,,,0.588956,
978,121358,500.0,395.0,,-0.012959518341813237,20.352383375167847,62,,,,,0.588956,
979,121626,268.0,395.72,,-0.012959518341813237,20.352383375167847,62,,,,,0.588956,
980,122061,435.0,398.45,,-0.012959518341813237,20.352383375167847,62,,,,,0.588956,
981,122561,500.0,398.45,,-0.012959518341813237,20.352383375167847,62,,,,,0.588956,
982,122994,433.0,397.78,,-0.012959518341813237,20.352383375167847,62,,,,,0.588956,
983,123145,151.0,394.55,,-0.012959518341813237,20.352383375167847,62,,,,,0.588956,
984,123645,500.0,397.61,,-0.012959518341813237,20.352383375167847,62,,,,,0.588956,
985,124145,500.0,397.61,,-0.012959518341813237,20.352383375167847,62,,,,,0.588956,
986,124645,500.0,400.96,,-0.012959518341813237,20.352383375167847,62,,,,,0.588956,
987,125145,500.0,400.96,,-0.012959518341813237,20.352383375167847,62,,,,,0.588956,
988,125519,374.0,402.37,,-0.012959518341813237,20.353384256362915,62,,,,,0.588956,
989,126019,500.0,406.0,,-0.012959518341813237,20.353384256362915,62,,,,,0.588956,
990,126488,469.0,406.11,,-0.012959518341813237,20.353384256362915,62,,,,,0.588956,
991,126988,500.0,408.28,,-0.012959518341813237,20.353384256362915,62,,,,,0.588956,
992,127488,500.0,410.99,,-0.012865911212284118,21.12539768218994,63,,,,,0.591889,
993,127988,500.0,411.71,,-0.012865911212284118,21.12539768218994,63,,,,,0.591889,
994,128488,500.0,414.56,,-0.012865911212284118,21.12539768218994,63,,,,,0.591889,
995,128988,500.0,417.26,,-0.012865911212284118,21.12539768218994,63,,,,,0.591889,
996,129488,500.0,418.99,,-0.012865911212284118,21.12539768218994,63,,,,,0.591889,
997,129988,500.0,418.99,,-0.012865911212284118,21.12539768218994,63,,,,,0.591889,
998,130488,500.0,418.99,,-0.012865911212284118,21.12539768218994,63,,,,,0.591889,
999,130988,500.0,418.99,,-0.012865911212284118,21.12539768218994,63,,,500.0,0.0,0.591889,
1000,131488,500.0,419.24,,-0.012865911212284118,21.12539768218994,63,,,,,0.591889,
1001,131988,500.0,419.24,,-0.012865911212284118,21.12539768218994,63,,,,,0.591889,
1002,132488,500.0,419.24,,-0.012865911212284118,21.12539768218994,63,,,,,0.591889,
1003,132988,500.0,422.41,,-0.012865911212284118,21.12539768218994,63,,,,,0.591889,
1004,133470,482.0,423.95,,-0.012865911212284118,21.12539768218994,63,,,,,0.591889,
1005,133631,161.0,420.56,,-0.012865911212284118,21.12539768218994,63,,,,,0.591889,
1006,134131,500.0,421.54,,-0.012865911212284118,21.12539768218994,63,,,,,0.591889,
1007,134631,500.0,423.65,,-0.012865911212284118,21.12539768218994,63,,,,,0.591889,
1008,134956,325.0,424.95,,-0.012850339526776224,21.937666416168213,64,,,,,0.589158,
1009,135456,500.0,427.77,,-0.012850339526776224,21.937666416168213,64,,,,,0.589158,
1010,135956,500.0,427.77,,-0.012850339526776224,21.937666416168213,64,,,,,0.589158,
1011,136456,500.0,427.77,,-0.012850339526776224,21.937666416168213,64,,,,,0.589158,
1012,136956,500.0,428.45,,-0.012850339526776224,21.937666416168213,64,,,,,0.589158,
1013,137456,500.0,428.45,,-0.012850339526776224,21.938668251037598,64,,,,,0.589158,
1014,137956,500.0,428.45,,-0.012850339526776224,21.938668251037598,64,,,,,0.589158,
1015,138456,500.0,428.45,,-0.012850339526776224,21.938668251037598,64,,,,,0.589158,
1016,138956,500.0,428.81,,-0.012850339526776224,21.938668251037598,64,,,,,0.589158,
1017,139093,137.0,425.18,,-0.012850339526776224,21.938668251037598,64,,,,,0.589158,
1018,139593,500.0,427.2,,-0.012850339526776224,21.938668251037598,64,,,,,0.589158,
1019,140093,500.0,428.01,,-0.012850339526776224,21.938668251037598,64,,,,,0.589158,
1020,140593,500.0,428.01,,-0.012850339526776224,21.938668251037598,64,,,,,0.589158,
1021,140673,80.0,424.92,,-0.012850339526776224,21.938668251037598,64,,,,,0.589158,
1022,141173,500.0,427.75,,-0.012850339526776224,21.938668251037598,64,,,,,0.589158,
1023,141673,500.0,429.82,,-0.012850339526776224,21.938668251037598,64,,,,,0.589158,
1024,142173,500.0,432.93,,-0.012669953790027649,22.72585129737854,65,,,,,0.592577,
1025,142673,500.0,432.93,,-0.012669953790027649,22.72585129737854,65,,,,,0.592577,
1026,143173,500.0,436.13,,-0.012669953790027649,22.72585129737854,65,,,,,0.592577,
1027,143673,500.0,436.13,,-0.012669953790027649,22.72585129737854,65,,,,,0.592577,
1028,144173,500.0,436.13,,-0.012669953790027649,22.726831197738647,65,,,,,0.592577,
1029,144206,33.0,433.01,,-0.012669953790027649,22.726831197738647,65,,,,,0.592577,
1030,144706,500.0,433.01,,-0.012669953790027649,22.726831197738647,65,,,,,0.592577,
1031,145206,500.0,435.4,,-0.012669953790027649,22.726831197738647,65,,,,,0.592577,
1032,145706,500.0,435.49,,-0.012669953790027649,22.726831197738647,65,,,,,0.592577,
1033,146206,500.0,435.49,,-0.012669953790027649,22.726831197738647,65,,,,,0.592577,
1034,146706,500.0,435.49,,-0.012669953790027649,22.726831197738647,65,,,,,0.592577,
1035,147206,500.0,435.49,,-0.012669953790027649,22.726831197738647,65,,,,,0.592577,
1036,147706,500.0,435.49,,-0.012669953790027649,22.726831197738647,65,,,,,0.592577,
1037,148206,500.0,435.49,,-0.012669953790027649,22.726831197738647,65,,,,,0.592577,
1038,148706,500.0,439.02,,-0.012669953790027649,22.726831197738647,65,,,,,0.592577,
1039,149206,500.0,441.4,,-0.012669953790027649,22.726831197738647,65,,,,,0.592577,
1040,149706,500.0,444.1,,-0.012276896808762103,23.510225296020508,66,,,,,0.591312,
1041,150108,402.0,443.93,,-0.012276896808762103,23.510225296020508,66,,,,,0.591312,
1042,150608,500.0,443.93,,-0.012276896808762103,23.510225296020508,66,,,,,0.591312,
1043,151108,500.0,448.03,,-0.012276896808762103,23.510225296020508,66,,,,,0.591312,
1044,151608,500.0,448.03,,-0.012276896808762103,23.510225296020508,66,,,,,0.591312,
1045,152108,500.0,448.03,,-0.012276896808762103,23.510225296020508,66,,,,,0.591312,
1046,152608,500.0,448.03,,-0.012276896808762103,23.510225296020508,66,,,,,0.591312,
1047,153108,500.0,448.33,,-0.012276896808762103,23.510225296020508,66,,,,,0.591312,
1048,153608,500.0,448.33,,-0.012276896808762103,23.510225296020508,66,,,,,0.591312,
1049,154108,500.0,449.65,,-0.012276896808762103,23.510225296020508,66,,,500.0,0.0,0.591312,
1050,154608,500.0,449.65,,-0.012276896808762103,23.510225296020508,66,,,,,0.591312,
1051,155108,500.0,451.91,,-0.012276896808762103,23.510225296020508,66,,,,,0.591312,
1052,155349,241.0,449.32,,-0.012276896808762103,23.510225296020508,66,,,,,0.591312,
1053,155849,500.0,449.32,,-0.012276896808762103,23.510225296020508,66,,,,,0.591312,
1054,156349,500.0,452.09,,-0.012276896808762103,23.510225296020508,66,,,,,0.591312,
1055,156849,500.0,452.09,,-0.012276896808762103,23.510225296020508,66,,,,,0.591312,
1056,157349,500.0,452.09,,-0.012204020542558282,24.280794620513916,67,,,,,0.586457,
1057,157497,148.0,448.57,,-0.012204020542558282,24.280794620513916,67,,,,,0.586457,
1058,157997,500.0,448.57,,-0.012204020542558282,24.280794620513916,67,,,,,0.586457,
1059,158477,480.0,448.37,,-0.012204020542558282,24.280794620513916,67,,,,,0.586457,
1060,158977,500.0,451.43,,-0.012204020542558282,24.281790018081665,67,,,,,0.586457,
1061,159477,500.0,451.43,,-0.012204020542558282,24.281790018081665,67,,,,,0.586457,
1062,159977,500.0,452.13,,-0.012204020542558282,24.281790018081665,67,,,,,0.586457,
1063,160359,382.0,450.95,,-0.012204020542558282,24.281790018081665,67,,,,,0.586457,
1064,160859,500.0,454.2,,-0.012204020542558282,24.281790018081665,67,,,,,0.586457,
1065,161221,362.0,452.82,,-0.012204020542558282,24.281790018081665,67,,,,,0.586457,
1066,161721,500.0,452.82,,-0.012204020542558282,24.281790018081665,67,,,,,0.586457,
1067,162221,500.0,452.82,,-0.012204020542558282,24.281790018081665,67,,,,,0.586457,
1068,162721,500.0,452.82,,-0.012204020542558282,24.281790018081665,67,,,,,0.586457,
1069,163221,500.0,456.14,,-0.012204020542558282,24.281790018081665,67,,,,,0.586457,
1070,163721,500.0,457.12,,-0.012204020542558282,24.281790018081665,67,,,,,0.586457,
1071,164221,500.0,457.12,,-0.012204020542558282,24.281790018081665,67,,,,,0.586457,
1072,164721,500.0,460.44,,-0.011883569450583309,25.108083486557007,68,,,,,0.587682,
1073,165221,500.0,460.44,,-0.011883569450583309,25.108083486557007,68,,,,,0.587682,
1074,165704,483.0,460.27,,-0.011883569450583309,25.108083486557007,68,,,,,0.587682,
1075,166204,500.0,460.27,,-0.011883569450583309,25.108083486557007,68,,,,,0.587682,
1076,166704,500.0,463.46,,-0.011883569450583309,25.108083486557007,68,,,,,0.587682,
1077,167204,500.0,463.46,,-0.011883569450583309,25.108083486557007,68,,,,,0.587682,
1078,167704,500.0,463.46,,-0.011883569450583309,25.108083486557007,68,,,,,0.587682,
1079,168204,500.0,465.78,,-0.011883569450583309,25.108083486557007,68,,,,,0.587682,
1080,168704,500.0,466.43,,-0.011883569450583309,25.10909628868103,68,,,,,0.587682,
1081,168871,167.0,463.1,,-0.011883569450583309,25.10909628868103,68,,,,,0.587682,
1082,169371,500.0,463.77,,-0.011883569450583309,25.10909628868103,68,,,,,0.587682,
1083,169871,500.0,467.26,,-0.011883569450583309,25.10909628868103,68,,,,,0.587682,
1084,170371,500.0,467.26,,-0.011883569450583309,25.10909628868103,68,,,,,0.587682,
1085,170573,202.0,464.28,,-0.011883569450583309,25.10909628868103,68,,,,,0.587682,
1086,171073,500.0,464.28,,-0.011883569450583309,25.10909628868103,68,,,,,0.587682,
1087,171573,500.0,464.28,,-0.011883569450583309,25.10909628868103,68,,,,,0.587682,
1088,172073,500.0,465.54,,-0.011633741345722228,25.951916933059692,69,,,,,0.588266,
1089,172573,500.0,465.54,,-0.011633741345722228,25.952914237976074,69,,,,,0.588266,
1090,173073,500.0,465.85,,-0.011633741345722228,25.952914237976074,69,,,,,0.588266,
1091,173573,500.0,465.85,,-0.011633741345722228,25.952914237976074,69,,,,,0.588266,
1092,174073,500.0,465.85,,-0.011633741345722228,25.952914237976074,69,,,,,0.588266,
1093,174573,500.0,465.85,,-0.011633741345722228,25.952914237976074,69,,,,,0.588266,
1094,174896,323.0,464.08,,-0.011633741345722228,25.952914237976074,69,,,,,0.588266,
1095,175396,500.0,464.08,,-0.011633741345722228,25.952914237976074,69,,,,,0.588266,
1096,175896,500.0,464.08,,-0.011633741345722228,25.952914237976074,69,,,,,0.588266,
1097,176396,500.0,464.08,,-0.011633741345722228,25.952914237976074,69,,,,,0.588266,
1098,176896,500.0,464.08,,-0.011633741345722228,25.952914237976074,69,,,,,0.588266,
1099,177396,500.0,464.08,,-0.011633741345722228,25.952914237976074,69,,,500.0,0.0,0.588266,
1100,177896,500.0,464.08,,-0.011633741345722228,25.952914237976074,69,,,,,0.588266,
1101,178396,500.0,464.08,,-0.011633741345722228,25.952914237976074,69,,,,,0.588266,
1102,178844,448.0,463.56,,-0.011633741345722228,25.952914237976074,69,,,,,0.588266,
1103,179344,500.0,463.56,,-0.011633741345722228,25.952914237976074,69,,,,,0.588266,
1104,179844,500.0,463.74,,-0.01163610390620306,26.761051654815674,70,,,,,0.586227,
1105,179889,45.0,462.58,,-0.01163610390620306,26.761051654815674,70,,,,,0.586227,
1106,180389,500.0,462.58,,-0.01163610390620306,26.761051654815674,70,,,,,0.586227,
1107,180889,500.0,462.58,,-0.01163610390620306,26.761051654815674,70,,,,,0.586227,
1108,181389,500.0,464.33,,-0.01163610390620306,26.761051654815674,70,,,,,0.586227,
1109,181889,500.0,464.33,,-0.01163610390620306,26.761051654815674,70,,,,,0.586227,
1110,182389,500.0,464.33,,-0.01163610390620306,26.761051654815674,70,,,,,0.586227,
1111,182889,500.0,464.33,,-0.01163610390620306,26.761051654815674,70,,,,,0.586227,
1112,183389,500.0,464.33,,-0.01163610390620306,26.761051654815674,70,,,,,0.586227,
1113,183889,500.0,464.33,,-0.01163610390620306,26.761051654815674,70,,,,,0.586227,
1114,184253,364.0,462.97,,-0.01163610390620306,26.761051654815674,70,,,,,0.586227,
1115,184341,88.0,458.85,,-0.01163610390620306,26.761051654815674,70,,,,,0.586227,
1116,184637,296.0,456.81,,-0.01163610390620306,26.761051654815674,70,,,,,0.586227,
1117,185137,500.0,460.44,,-0.01163610390620306,26.761051654815674,70,,,,,0.586227,
1118,185637,500.0,460.44,,-0.01163610390620306,26.761051654815674,70,,,,,0.586227,
1119,186090,453.0,459.97,,-0.01163610390620306,26.761051654815674,70,,,,,0.586227,
1120,186590,500.0,459.97,,-0.011275072318967431,27.578601598739624,71,,,,,0.590009,
1121,187090,500.0,464.17,,-0.011275072318967431,27.578601598739624,71,,,,,0.590009,
1122,187590,500.0,464.17,,-0.011275072318967431,27.578601598739624,71,,,,,0.590009,
1123,188090,500.0,464.17,,-0.011275072318967431,27.578601598739624,71,,,,,0.590009,
1124,188590,500.0,464.17,,-0.011275072318967431,27.578601598739624,71,,,,,0.590009,
1125,189090,500.0,464.17,,-0.011275072318967431,27.578601598739624,71,,,,,0.590009,
1126,189590,500.0,464.17,,-0.011275072318967431,27.578601598739624,71,,,,,0.590009,
1127,190090,500.0,464.17,,-0.011275072318967431,27.578601598739624,71,,,,,0.590009,
1128,190590,500.0,464.17,,-0.011275072318967431,27.578601598739624,71,,,,,0.590009,
1129,191090,500.0,468.84,,-0.011275072318967431,27.578601598739624,71,,,,,0.590009,
1130,191590,500.0,468.84,,-0.011275072318967431,27.57959818840027,71,,,,,0.590009,
1131,192090,500.0,468.84,,-0.011275072318967431,27.57959818840027,71,,,,,0.590009,
1132,192590,500.0,468.84,,-0.011275072318967431,27.57959818840027,71,,,,,0.590009,
1133,192967,377.0,467.61,,-0.011275072318967431,27.57959818840027,71,,,,,0.590009,
1134,193237,270.0,465.31,,-0.011275072318967431,27.57959818840027,71,,,,,0.590009,
1135,193737,500.0,465.31,,-0.011275072318967431,27.57959818840027,71,,,,,0.590009,
1136,194237,500.0,465.31,,-0.011089807862881572,28.37944006919861,72,,,,,0.577503,
1137,194737,500.0,465.31,,-0.011089807862881572,28.37944006919861,72,,,,,0.577503,
1138,195237,500.0,465.31,,-0.011089807862881572,28.37944006919861,72,,,,,0.577503,
1139,195737,500.0,465.31,,-0.011089807862881572,28.37944006919861,72,,,,,0.577503,
1140,196237,500.0,465.31,,-0.011089807862881572,28.37944006919861,72,,,,,0.577503,
1141,196737,500.0,466.29,,-0.011089807862881572,28.37944006919861,72,,,,,0.577503,
1142,197237,500.0,466.29,,-0.011089807862881572,28.380428314208984,72,,,,,0.577503,
1143,197737,500.0,466.29,,-0.011089807862881572,28.380428314208984,72,,,,,0.577503,
1144,198237,500.0,466.29,,-0.011089807862881572,28.380428314208984,72,,,,,0.577503,
1145,198737,500.0,466.29,,-0.011089807862881572,28.380428314208984,72,,,,,0.577503,
1146,199237,500.0,466.29,,-0.011089807862881572,28.380428314208984,72,,,,,0.577503,
1147,199737,500.0,466.29,,-0.011089807862881572,28.380428314208984,72,,,,,0.577503,
1148,200237,500.0,466.29,,-0.011089807862881572,28.380428314208984,72,,,,,0.577503,
1149,200737,500.0,466.29,,-0.011089807862881572,28.380428314208984,72,,,500.0,0.0,0.577503,
1150,201237,500.0,466.29,,-0.011089807862881572,28.380428314208984,72,,,,,0.577503,
1151,201737,500.0,466.29,,-0.011089807862881572,28.380428314208984,72,,,,,0.577503,
1152,202237,500.0,468.88,,-0.010703016868792475,29.185098886489868,73,,,,,0.584888,
1153,202737,500.0,468.88,,-0.010703016868792475,29.185098886489868,73,,,,,0.584888,
1154,203237,500.0,468.88,,-0.010703016868792475,29.185098886489868,73,,,,,0.584888,
1155,203737,500.0,468.88,,-0.010703016868792475,29.185098886489868,73,,,,,0.584888,
1156,204237,500.0,468.88,,-0.010703016868792475,29.185098886489868,73,,,,,0.584888,
1157,204737,500.0,472.4,,-0.010703016868792475,29.185098886489868,73,,,,,0.584888,
1158,204923,186.0,469.26,,-0.010703016868792475,29.185098886489868,73,,,,,0.584888,
1159,205423,500.0,469.46,,-0.010703016868792475,29.186097860336304,73,,,,,0.584888,
1160,205923,500.0,469.46,,-0.010703016868792475,29.186097860336304,73,,,,,0.584888,
1161,206423,500.0,469.46,,-0.010703016868792475,29.186097860336304,73,,,,,0.584888,
1162,206923,500.0,469.46,,-0.010703016868792475,29.186097860336304,73,,,,,0.584888,
1163,207423,500.0,470.64,,-0.010703016868792475,29.186097860336304,73,,,,,0.584888,
1164,207923,500.0,470.64,,-0.010703016868792475,29.186097860336304,73,,,,,0.584888,
1165,208423,500.0,472.02,,-0.010703016868792475,29.186097860336304,73,,,,,0.584888,
1166,208923,500.0,472.02,,-0.010703016868792475,29.186097860336304,73,,,,,0.584888,
1167,209423,500.0,472.02,,-0.010703016868792475,29.186097860336304,73,,,,,0.584888,
1168,209897,474.0,471.76,,-0.010205840782728046,29.994628429412842,74,,,,,0.590989,
1169,210397,500.0,471.76,,-0.010205840782728046,29.994628429412842,74,,,,,0.590989,
1170,210897,500.0,471.76,,-0.010205840782728046,29.994628429412842,74,,,,,0.590989,
1171,211397,500.0,471.76,,-0.010205840782728046,29.994628429412842,74,,,,,0.590989,
1172,211897,500.0,471.76,,-0.010205840782728046,29.994628429412842,74,,,,,0.590989,
1173,212397,500.0,471.76,,-0.010205840782728046,29.994628429412842,74,,,,,0.590989,
1174,212897,500.0,471.93,,-0.010205840782728046,29.994628429412842,74,,,,,0.590989,
1175,213397,500.0,471.93,,-0.010205840782728046,29.994628429412842,74,,,,,0.590989,
1176,213897,500.0,471.93,,-0.010205840782728046,29.994628429412842,74,,,,,0.590989,
1177,214397,500.0,471.93,,-0.010205840782728046,29.994628429412842,74,,,,,0.590989,
1178,214897,500.0,471.93,,-0.010205840782728046,29.994628429412842,74,,,,,0.590989,
1179,215397,500.0,471.93,,-0.010205840782728046,29.994628429412842,74,,,,,0.590989,
1180,215897,500.0,471.93,,-0.010205840782728046,29.994628429412842,74,,,,,0.590989,
1181,216397,500.0,475.26,,-0.010205840782728046,29.994628429412842,74,,,,,0.590989,
