episode,total_env_steps,episode_reward,avg_reward_100,epsilon,mean_loss,wall_clock_s,grad_steps,w,lam,eval_mean_reward,eval_std_reward
0,80,10.0,10.0,1.0,0.44391244649887085,0.28298401832580566,7,"1.691924,1.690780","0.993944,0.993346,0.992992,0.993051",,
1,87,11.0,10.5,0.99,0.44391244649887085,0.284625768661499,7,"1.691924,1.690780","0.993944,0.993346,0.992992,0.993051",,
2,102,13.0,11.333333333333334,0.9801,0.44133250249756706,0.3516218662261963,9,"1.881547,1.889605","0.993282,0.991413,0.991131,0.991102",,
3,102,13.0,11.75,0.9801,0.44133250249756706,0.3523683547973633,9,"1.881547,1.889605","0.993282,0.991413,0.991131,0.991102",,
4,116,15.0,12.4,0.96059601,0.4437747925519943,0.39077329635620117,10,"1.975581,1.986969","0.993107,0.990424,0.990213,0.990125",,
5,116,15.0,12.833333333333334,0.96059601,0.4437747925519943,0.39077329635620117,10,"1.975581,1.986969","0.993107,0.990424,0.990213,0.990125",,
6,210,13.0,12.857142857142858,0.941480149401,0.4515132918953896,0.7456264495849609,20,"2.912000,2.912079","0.998369,0.980101,0.980647,0.979801",,
7,225,13.0,12.875,0.9320653479069899,0.4478527832598913,0.8023757934570312,21,"3.004009,3.008166","0.998918,0.979080,0.979683,0.978727",,
8,240,19.0,13.555555555555555,0.9227446944279201,0.45724716005118,0.9014458656311035,23,"3.187389,3.204066","1.000057,0.977092,0.977671,0.976487",,
9,263,23.0,14.5,0.9135172474836408,0.4645950520038605,0.9880871772766113,25,"3.368002,3.402478","1.000948,0.975030,0.975563,0.974264",,
10,270,35.0,16.363636363636363,0.9043820750088044,0.4660528084406486,1.0383174419403076,26,"3.459075,3.500172","1.001596,0.973988,0.974451,0.973110",,
11,309,26.0,17.166666666666668,0.8953382542587164,0.4723160647112748,1.1655666828155518,29,"3.725986,3.799177","1.004065,0.970762,0.971074,0.969645",,
12,316,13.0,16.846153846153847,0.8863848717161292,0.4723030318816503,1.202775478363037,30,"3.812175,3.900161","1.005087,0.969689,0.969936,0.968523",,
13,387,34.0,18.071428571428573,0.8775210229989678,0.4897529917794305,1.5013680458068848,37,"4.441758,4.569642","1.010803,0.961926,0.962350,0.960252",,
14,394,16.0,17.933333333333334,0.8687458127689782,0.49165751275263336,1.543828010559082,38,"4.531645,4.662790","1.011584,0.960742,0.961210,0.959067",,
15,401,20.0,18.0625,0.8600583546412884,0.49450788436791837,1.5739026069641113,39,"4.620024,4.754915","1.012292,0.959539,0.960109,0.957851",,
16,464,30.0,18.764705882352942,0.8514577710948755,0.5068367706404792,1.8102633953094482,45,"5.146924,5.306785","1.018223,0.953037,0.953581,0.950705",,
17,464,60.0,21.055555555555557,0.8514577710948755,0.5068367706404792,1.8102633953094482,45,"5.146924,5.306785","1.018223,0.953037,0.953581,0.950705",,
18,478,20.0,21.0,0.8345137614500875,0.5077144697956417,1.8567135334014893,46,"5.231778,5.404311","1.019085,0.952030,0.952416,0.949532",,
19,485,27.0,21.3,0.8261686238355866,0.5055073055815189,1.8954851627349854,47,"5.316477,5.502012","1.019848,0.951035,0.951283,0.948393",,
20,516,14.0,20.952380952380953,0.8179069375972308,0.5091597819328308,2.018514394760132,50,"5.577683,5.791613","1.020625,0.947583,0.947871,0.944683",,
21,516,16.0,20.727272727272727,0.8179069375972308,0.5091597819328308,2.018514394760132,50,"5.577683,5.791613","1.020625,0.947583,0.947871,0.944683",,
22,554,31.0,21.17391304347826,0.8016305895390459,0.5133112039830949,2.1651015281677246,54,"5.936110,6.146807","1.022940,0.942784,0.943384,0.939854",,
23,561,12.0,20.791666666666668,0.7936142836436554,0.5156716758554633,2.211777448654175,55,"6.025472,6.236835","1.023471,0.941444,0.942252,0.938622",,
24,584,15.0,20.56,0.7856781408072188,0.5178722566679904,2.302929639816284,57,"6.201180,6.414412","1.024486,0.939127,0.940004,0.936306",,
25,655,21.0,20.576923076923077,0.7778213593991467,0.5318275433965027,2.575066089630127,64,"6.795451,7.058184","1.028078,0.932148,0.931407,0.927979",,
26,662,18.0,20.48148148148148,0.7700431458051551,0.5339007712327517,2.61031436920166,65,"6.880976,7.151071","1.028479,0.931116,0.930122,0.926696",,
27,677,15.0,20.285714285714285,0.7623427143471035,0.5391013527458365,2.6566598415374756,66,"6.966441,7.241167","1.028887,0.930135,0.928791,0.925477",,
28,724,26.0,20.482758620689655,0.7547192872036326,0.5443321059287434,2.8479721546173096,71,"7.419999,7.650379","1.031375,0.925725,0.922505,0.919370",,
29,755,24.0,20.6,0.7471720943315961,0.54622463640329,2.9856600761413574,74,"7.700751,7.888536","1.032662,0.923236,0.919042,0.915284",,
30,770,14.0,20.387096774193548,0.7397003733882802,0.5450568007011163,3.073403835296631,76,"7.889455,8.040503","1.033276,0.921496,0.916777,0.912426",,
31,793,26.0,20.5625,0.7323033696543975,0.5497067734981195,3.1589295864105225,78,"8.080925,8.194437","1.034186,0.919544,0.914370,0.909495",,
32,808,18.0,20.484848484848484,0.7249803359578534,0.5501952250547046,3.2009215354919434,79,"8.174829,8.275285","1.034497,0.918634,0.913094,0.908022",,
33,839,14.0,20.294117647058822,0.7177305325982749,0.5578214428046855,3.3264405727386475,82,"8.449282,8.518095","1.036205,0.915957,0.909097,0.903692",,
34,846,11.0,20.02857142857143,0.7105532272722921,0.5557101562798742,3.36684250831604,83,"8.539506,8.600334","1.036647,0.915035,0.907778,0.902293",,
35,853,48.0,20.805555555555557,0.7034476949995692,0.5538267113623165,3.4102020263671875,84,"8.627864,8.685291","1.037018,0.914103,0.906513,0.900837",,
36,884,26.0,20.945945945945947,0.6964132180495735,0.557562011069265,3.547412633895874,87,"8.876845,8.966112","1.038113,0.911488,0.902935,0.896427",,
37,915,18.0,20.86842105263158,0.6894490858690777,0.5638990107509825,3.663888454437256,90,"9.100640,9.263749","1.038887,0.908687,0.899298,0.892258",,
38,938,18.0,20.794871794871796,0.682554595010387,0.5656235111148461,3.7489497661590576,92,"9.251810,9.462142","1.039830,0.906852,0.896679,0.889565",,
39,969,15.0,20.65,0.6757290490602831,0.5644557664268895,3.8822519779205322,95,"9.489246,9.751744","1.040671,0.903948,0.893173,0.885482",,
40,984,76.0,22.0,0.6689717585696803,0.5661134326580873,3.961939573287964,97,"9.658084,9.931258","1.041325,0.901944,0.890968,0.882710",,
41,999,10.0,21.714285714285715,0.6622820409839835,0.5715801764507683,4.008703231811523,98,"9.742139,10.015227","1.041858,0.900962,0.889918,0.881275",,
42,1030,24.0,21.767441860465116,0.6556592205741436,0.579203304122476,4.150235652923584,102,"10.080885,10.337040","1.043491,0.897001,0.885735,0.875904",,
43,1037,29.0,21.931818181818183,0.6491026283684022,0.579203304122476,4.172123193740845,102,"10.080885,10.337040","1.043491,0.897001,0.885735,0.875904",,
44,1052,21.0,21.91111111111111,0.6426116020847181,0.5798655857260411,4.257693290710449,104,"10.242202,10.498374","1.044406,0.895208,0.883439,0.873478",,
45,1059,11.0,21.67391304347826,0.6361854860638709,0.5798655857260411,4.265018701553345,104,"10.242202,10.498374","1.044406,0.895208,0.883439,0.873478",,
46,1106,21.0,21.659574468085108,0.6298236312032323,0.5921185074049399,4.467905759811401,109,"10.646516,10.880408","1.045404,0.890988,0.878420,0.867669",,
47,1145,13.0,21.479166666666668,0.6235253948912,0.603076007250136,4.6255834102630615,113,"10.952947,11.211734","1.045793,0.887949,0.873965,0.862985",,
48,1152,15.0,21.346938775510203,0.617290140942288,0.6015355066772092,4.6611008644104,114,"11.033444,11.290592","1.045913,0.887319,0.872803,0.861771",,
49,1159,13.0,21.18,0.611117239532865,0.6015355066772092,4.6689064502716064,114,"11.033444,11.290592","1.045913,0.887319,0.872803,0.861771",31.2,10.457533169921097
50,1294,16.0,21.07843137254902,0.6050060671375364,0.6312540648505092,5.2238006591796875,128,"12.249208,12.353383","1.043838,0.875081,0.855662,0.842681",,
51,1301,38.0,21.403846153846153,0.598956006466161,0.6339353165885274,5.275202035903931,129,"12.330361,12.441692","1.044379,0.874202,0.854159,0.841379",,
52,1332,34.0,21.641509433962263,0.5929664464014994,0.637806095634446,5.404180526733398,132,"12.581389,12.710519","1.046538,0.871826,0.849449,0.837452",,
53,1339,23.0,21.666666666666668,0.5870367819374844,0.637806095634446,5.404180526733398,132,"12.581389,12.710519","1.046538,0.871826,0.849449,0.837452",,
54,1346,63.0,22.418181818181818,0.5811664141181095,0.6355152242165759,5.448614597320557,133,"12.666514,12.796425","1.047012,0.871023,0.848039,0.836151",,
55,1377,50.0,22.910714285714285,0.5753547499769285,0.6454812161186162,5.57369589805603,136,"12.912106,13.032071","1.047596,0.868657,0.844719,0.832184",,
56,1400,37.0,23.157894736842106,0.5696012024771592,0.6429178035087723,5.693287134170532,139,"13.142159,13.256364","1.047955,0.866244,0.841543,0.828537",,
57,1535,16.0,23.03448275862069,0.5639051904523875,0.6678260782439458,6.216309547424316,152,"14.022063,14.430556","1.045907,0.853700,0.829279,0.812421",,
58,1558,52.0,23.52542372881356,0.5582661385478637,0.6739020477254669,6.3116936683654785,154,"14.168631,14.623755","1.045091,0.851503,0.827409,0.809778",,
59,1565,23.0,23.516666666666666,0.5526834771623851,0.6761197126680805,6.35183310508728,155,"14.244529,14.719242","1.044678,0.850359,0.826434,0.808425",,
60,1588,30.0,23.62295081967213,0.5471566423907612,0.6788142843610921,6.467216491699219,157,"14.394563,14.918189","1.044078,0.848137,0.824418,0.805780",,
61,1627,11.0,23.419354838709676,0.5416850759668536,0.6787154789296737,6.696586847305298,161,"14.691498,15.299941","1.042508,0.843526,0.820383,0.800888",,
62,1642,10.0,23.206349206349206,0.536268225207185,0.6792072723248254,6.776600360870361,163,"14.841206,15.502449","1.041069,0.841205,0.817815,0.798379",,
63,1657,41.0,23.484375,0.5309055429551132,0.677531551660561,6.837999582290649,164,"14.918070,15.601720","1.040274,0.840051,0.816533,0.797209",,
64,1672,47.0,23.846153846153847,0.525596487525562,0.6841607305658869,6.911627292633057,166,"15.080676,15.777101","1.039258,0.837790,0.814055,0.794964",,
65,1679,14.0,23.696969696969695,0.5203405226503064,0.6841607305658869,6.918889045715332,166,"15.080676,15.777101","1.039258,0.837790,0.814055,0.794964",,
66,1718,11.0,23.507462686567163,0.5151371174238033,0.6941257820409887,7.083846569061279,170,"15.401575,16.096987","1.037438,0.833933,0.809355,0.790897",,
67,1725,49.0,23.88235294117647,0.5099857462495653,0.6960964293507804,7.120499610900879,171,"15.477483,16.175177","1.037120,0.833059,0.808163,0.789865",,
68,1732,9.0,23.666666666666668,0.5048858887870696,0.6996966045956279,7.158171892166138,172,"15.554013,16.259983","1.036955,0.832056,0.807060,0.788805",,
69,1739,19.0,23.6,0.4998370298991989,0.6996966045956279,7.166223526000977,172,"15.554013,16.259983","1.036955,0.832056,0.807060,0.788805",,
70,1739,12.0,23.43661971830986,0.4998370298991989,0.6996966045956279,7.166223526000977,172,"15.554013,16.259983","1.036955,0.832056,0.807060,0.788805",,
71,1833,69.0,24.069444444444443,0.4898902730042049,0.7119437357881567,7.578293561935425,182,"16.416155,17.094786","1.033964,0.821440,0.796535,0.776181",,
72,1833,11.0,23.89041095890411,0.4898902730042049,0.7119437357881567,7.578293561935425,182,"16.416155,17.094786","1.033964,0.821440,0.796535,0.776181",,
73,1839,20.0,23.83783783783784,0.4801414565714212,0.7119437357881567,7.584360122680664,182,"16.416155,17.094786","1.033964,0.821440,0.796535,0.776181",,
74,1870,17.0,23.746666666666666,0.47534004200570695,0.7126805638113329,7.7537682056427,186,"16.799122,17.371296","1.033014,0.818332,0.793790,0.770865",,
75,1957,30.0,23.82894736842105,0.4705866415856499,0.7320082666947669,8.076715469360352,194,"17.439032,17.980373","1.033094,0.811143,0.788163,0.761952",,
76,1980,39.0,24.025974025974026,0.46588077516979337,0.7366812286643207,8.188755750656128,197,"17.651978,18.221174","1.034099,0.808689,0.785677,0.758653",,
77,2011,34.0,24.153846153846153,0.46122196741809546,0.7363009798526764,8.312142372131348,200,"17.882378,18.463543","1.034736,0.805854,0.782961,0.755276",,
78,2026,38.0,24.329113924050635,0.4566097477439145,0.7403872202336789,8.35948395729065,201,"17.957342,18.543314","1.034787,0.804907,0.781924,0.754180",,
79,2073,11.0,24.1625,0.45204365026647536,0.7539095139503479,8.555409669876099,206,"18.319916,18.986252","1.034861,0.800524,0.776369,0.748617",,
80,2096,32.0,24.25925925925926,0.4475232137638106,0.7578586375713349,8.644195318222046,208,"18.477873,19.164415","1.034914,0.798888,0.774133,0.746383",,
81,2119,36.0,24.402439024390244,0.4430479816261725,0.7607000857591629,8.741808891296387,210,"18.624653,19.328796","1.035146,0.797370,0.772027,0.744421",,
82,2134,38.0,24.566265060240966,0.43861750180991077,0.7651380905508995,8.834776639938354,212,"18.767450,19.483326","1.035104,0.795550,0.770061,0.742523",,
83,2157,36.0,24.702380952380953,0.43423132679181164,0.7656625184416771,8.928658962249756,214,"18.912979,19.643578","1.034861,0.793895,0.767678,0.740587",,
84,2220,24.0,24.694117647058825,0.4298890135238935,0.8001843865215779,9.207214593887329,221,"19.458406,20.136303","1.035496,0.790238,0.759007,0.734452",,
85,2220,12.0,24.546511627906977,0.4298890135238935,0.8001843865215779,9.207214593887329,221,"19.458406,20.136303","1.035496,0.790238,0.759007,0.734452",,
86,2226,34.0,24.655172413793103,0.421334222154768,0.8001843865215779,9.215021133422852,221,"19.458406,20.136303","1.035496,0.790238,0.759007,0.734452",,
87,2305,9.0,24.477272727272727,0.41712087993322033,0.8254365341365337,9.56215500831604,229,"20.008545,20.763668","1.037941,0.785733,0.750294,0.727786",,
88,2392,40.0,24.651685393258425,0.41294967113388814,0.846166455745697,9.91414475440979,238,"20.717081,21.500019","1.040399,0.779802,0.740642,0.718519",,
89,2407,23.0,24.633333333333333,0.40882017442254925,0.8453125670552254,9.955970525741577,239,"20.793388,21.582201","1.040614,0.779272,0.739626,0.717504",,
90,2422,52.0,24.934065934065934,0.4047319726783238,0.8528472167253495,10.043287992477417,241,"20.951880,21.731424","1.040709,0.778575,0.738133,0.715439",,
91,2485,49.0,25.195652173913043,0.40068465295154054,0.8769576320052147,10.28933334350586,247,"21.430738,22.181034","1.039060,0.775580,0.733547,0.709038",,
92,2532,47.0,25.43010752688172,0.3966778064220251,0.8867363125085831,10.477779388427734,252,"21.848625,22.540770","1.040061,0.773527,0.729768,0.704003",,
93,2555,53.0,25.72340425531915,0.39271102835780486,0.9007923975586891,10.559514045715332,254,"22.013628,22.699688","1.040155,0.772913,0.728212,0.702078",,
94,2578,34.0,25.810526315789474,0.3887839180742268,0.9089563024044037,10.644962310791016,256,"22.184628,22.855686","1.040050,0.772116,0.726630,0.700175",,
95,2649,30.0,25.854166666666668,0.38489607889348454,0.9174937462806702,10.94119930267334,263,"22.797497,23.414335","1.036108,0.769214,0.720818,0.693297",,
96,2696,20.0,25.79381443298969,0.38104711810454966,0.9160065807402133,11.162077188491821,268,"23.189268,23.854055","1.034713,0.766917,0.716627,0.688612",,
97,2703,39.0,25.928571428571427,0.37723664692350417,0.9162578210234642,11.200764179229736,269,"23.266256,23.951048","1.034650,0.766416,0.715757,0.687570",,
98,2750,24.0,25.90909090909091,0.37346428045426916,0.9163019312918186,11.434357404708862,274,"23.650932,24.463024","1.035413,0.762501,0.709967,0.682411",,
99,2765,35.0,26.0,0.36972963764972644,0.9232304798066616,11.476531982421875,275,"23.720427,24.566385","1.035889,0.761726,0.708656,0.681524",33.2,9.108238029388561
100,2780,45.0,26.35,0.3660323412732292,0.9186893975734711,11.560105800628662,277,"23.866215,24.754766","1.036304,0.760279,0.706526,0.679717",,
101,2939,91.0,27.15,0.3623720178604969,0.9882937712967396,12.19386625289917,292,"25.036646,26.016111","1.026551,0.743188,0.691778,0.666049",,
102,2954,38.0,27.4,0.3587482976818919,0.9935501591861248,12.2763090133667,294,"25.194944,26.189825","1.024820,0.740623,0.690032,0.664216",,
103,2961,26.0,27.53,0.355160814705073,0.9922120653092861,12.31398606300354,295,"25.274754,26.275528","1.023630,0.739376,0.689354,0.663317",,
104,2968,33.0,27.71,0.35160920655802225,0.9922120653092861,12.322047710418701,295,"25.274754,26.275528","1.023630,0.739376,0.689354,0.663317",,
105,2991,37.0,27.93,0.348093114492442,1.000158243626356,12.450128078460693,298,"25.526154,26.520870","1.020339,0.734899,0.686823,0.660520",,
106,3070,38.0,28.18,0.3446121833475176,1.004548600614071,12.778135776519775,306,"26.212507,27.219069","1.016467,0.722535,0.677603,0.653508",,
107,3093,65.0,28.7,0.34116606151404244,1.0073595514893532,12.858145713806152,308,"26.383413,27.397554","1.015145,0.719337,0.675677,0.651470",,
108,3093,12.0,28.63,0.34116606151404244,1.0073595514893532,12.858145713806152,308,"26.383413,27.397554","1.015145,0.719337,0.675677,0.651470",,
109,3163,48.0,28.88,0.334376856889913,1.0098909310996533,13.144037246704102,315,"26.992218,27.946098","1.011491,0.710787,0.670078,0.644963",,
110,3250,35.0,28.88,0.33103308832101386,1.016495200097561,13.511810064315796,324,"27.732042,28.665985","1.006677,0.699483,0.663387,0.636566",,
111,3281,40.0,29.02,0.3277227574378037,1.0143049715459347,13.627511024475098,327,"27.964516,28.939468","1.005796,0.695325,0.660012,0.633750",,
112,3320,46.0,29.35,0.3244455298634257,1.024376514405012,13.7891206741333,331,"28.249826,29.314138","1.004889,0.690094,0.655675,0.630402",,
113,3351,35.0,29.36,0.3212010745647914,1.020783013254404,13.910402059555054,334,"28.453409,29.608259","1.005165,0.686217,0.651943,0.628120",,
114,3366,34.0,29.54,0.3179890638191435,1.0294039352238178,13.95366096496582,335,"28.517550,29.710346","1.005136,0.684714,0.650768,0.627412",,
115,3389,57.0,29.91,0.31480917318095203,1.0248564667999744,14.032659530639648,337,"28.646818,29.904480","1.005250,0.681853,0.648435,0.626020",,
116,3404,39.0,30.0,0.3116610814491425,1.0289896038174629,14.10830283164978,339,"28.781761,30.065317","1.005217,0.679199,0.646466,0.624674",,
117,3419,17.0,29.57,0.30854447063465107,1.034202461540699,14.161561965942383,340,"28.860840,30.135473","1.005190,0.677967,0.645628,0.623889",,
118,3434,34.0,29.71,0.3054590259283046,1.0322590048611164,14.240083456039429,342,"29.025316,30.278706","1.005193,0.675756,0.643643,0.622203",,
119,3481,20.0,29.64,0.30240443566902153,1.021814985871315,14.454069375991821,347,"29.456491,30.702169","1.004097,0.671005,0.637745,0.618263",,
120,3512,20.0,29.7,0.2993803913123313,1.0372693793475627,14.58492398262024,350,"29.729092,30.959812","1.002401,0.668085,0.634669,0.615888",,
121,3543,37.0,29.91,0.296386587399208,1.0423359780013561,14.714863538742065,353,"29.992554,31.198242","1.000154,0.664906,0.632291,0.613611",,
122,3543,19.0,29.79,0.296386587399208,1.0423359780013561,14.714863538742065,353,"29.992554,31.198242","1.000154,0.664906,0.632291,0.613611",,
123,3565,20.0,29.87,0.29048849430996376,1.065294188708067,14.798567056655884,355,"30.154966,31.348228","0.998070,0.662737,0.631590,0.611762",,
124,3588,13.0,29.85,0.2875836093668641,1.070889863073826,14.883718252182007,357,"30.315748,31.492966","0.996295,0.660277,0.630783,0.609967",,
125,3651,36.0,30.0,0.28470777327319546,1.1253718775510788,15.13833236694336,364,"30.870558,32.001793","0.990421,0.652145,0.627505,0.604676",,
126,3690,15.0,29.97,0.2818606955404635,1.1291959381103516,15.295064210891724,368,"31.196056,32.308483","0.989170,0.648406,0.624197,0.602212",,
127,3737,38.0,30.2,0.27904208858505886,1.1337260406464338,15.455576419830322,372,"31.494682,32.628750","0.987934,0.644882,0.621311,0.599863",,
128,3784,46.0,30.4,0.2762516676992083,1.1397656836360692,15.652233123779297,377,"31.917059,33.029408","0.984743,0.640013,0.618856,0.596195",,
129,3887,18.0,30.34,0.2734891510222162,1.1333712528645992,16.070807695388794,387,"32.741550,33.913120","0.981984,0.629416,0.607184,0.588386",,
130,3934,35.0,30.55,0.27075425951199406,1.1465907634794712,16.271846771240234,392,"33.167637,34.377735","0.981094,0.624330,0.601083,0.584714",,
131,3973,35.0,30.64,0.2680467169168741,1.151127704232931,16.44277811050415,396,"33.555210,34.740139","0.980979,0.620353,0.595927,0.581670",,
132,3988,56.0,31.02,0.26536624974770534,1.148513228148222,16.479254961013794,397,"33.653339,34.836430","0.980797,0.619265,0.594609,0.580875",,
133,4003,58.0,31.46,0.2627125872502283,1.1453378975391388,16.571098804473877,399,"33.853176,35.013634","0.980710,0.617186,0.592294,0.579193",,
134,4034,56.0,31.91,0.26008546137772603,1.1410247015953063,16.69626522064209,402,"34.145195,35.256531","0.980341,0.614222,0.589629,0.576598",,
135,4073,36.0,31.79,0.25748460676394874,1.1426481312513352,16.859031200408936,406,"34.493511,35.645752","0.977338,0.609641,0.585325,0.573248",,
136,4144,17.0,31.7,0.2549097606963093,1.197380260527134,17.135886430740356,413,"35.076263,36.276894","0.972029,0.600659,0.579092,0.568354",,
137,4175,23.0,31.75,0.2523606630893462,1.195181230902672,17.27150797843933,416,"35.308449,36.540894","0.971045,0.596567,0.576284,0.566603",,
138,4198,87.0,32.44,0.2498370564584527,1.2000970286130905,17.35506296157837,418,"35.462151,36.703281","0.970358,0.594059,0.574658,0.565286",,
139,4198,33.0,32.62,0.2498370564584527,1.2000970286130905,17.35506296157837,418,"35.462151,36.703281","0.970358,0.594059,0.574658,0.565286",,
140,4212,41.0,32.27,0.24486529903492948,1.18677649974823,17.443992853164673,420,"35.631870,36.869453","0.969775,0.591536,0.573074,0.563855",,
141,4275,38.0,32.55,0.2424166460445802,1.1754401513934136,17.721304655075073,426,"36.177395,37.352882","0.967986,0.584470,0.568431,0.559520",,
142,4298,15.0,32.46,0.2399924795841344,1.1782909256219865,17.80211567878723,428,"36.353523,37.523308","0.967239,0.581918,0.566750,0.558295",,
143,4361,18.0,32.35,0.23759255478829303,1.1770127162337303,18.088908672332764,435,"36.965282,38.082821","0.965384,0.574813,0.561460,0.554053",,
144,4400,25.0,32.39,0.23521662924041012,1.1822671112418175,18.25958752632141,439,"37.314732,38.389301","0.963532,0.571393,0.559170,0.550971",,
145,4415,48.0,32.76,0.232864462948006,1.18441185683012,18.306326389312744,440,"37.396061,38.471348","0.962725,0.570591,0.558737,0.550156",,
146,4470,34.0,32.89,0.23053581831852593,1.1746757328510284,18.55998706817627,446,"37.897541,38.961761","0.957502,0.565350,0.555646,0.545172",,
147,4485,43.0,33.19,0.22823046013534068,1.1730309835076331,18.6029052734375,447,"37.971375,39.051655","0.956840,0.564304,0.554982,0.544435",,
148,4500,25.0,33.29,0.22594815553398728,1.1794075229763985,18.687411308288574,449,"38.128418,39.233929","0.955484,0.562171,0.553621,0.543059",,
149,4523,31.0,33.47,0.2236886739786474,1.1798164653778076,18.773289680480957,451,"38.278271,39.400803","0.954485,0.560030,0.552711,0.541799",42.8,8.133879763065101
150,4602,25.0,33.56,0.22145178723886091,1.1851329934224486,19.247824907302856,459,"38.884449,40.091064","0.949614,0.550344,0.548774,0.536408",,
151,4649,15.0,33.33,0.2192372693664723,1.2012027899548412,19.431275606155396,463,"39.192993,40.390900","0.946105,0.545982,0.546536,0.533836",,
152,4688,25.0,33.24,0.21704489667280757,1.1920566008612514,19.608635425567627,467,"39.493919,40.684315","0.943343,0.542180,0.544491,0.531411",,
153,4727,39.0,33.4,0.2148744477060795,1.2002266755327582,19.799278020858765,471,"39.837639,40.967648","0.940799,0.538638,0.542690,0.528557",,
154,4782,35.0,33.12,0.2127257032290187,1.2102113426849246,20.042444467544556,477,"40.332417,41.447746","0.936608,0.532885,0.539043,0.524116",,
155,4813,43.0,33.05,0.21059844619672852,1.2169226617738604,20.176395654678345,480,"40.595444,41.694771","0.934503,0.530235,0.537825,0.521664",,
156,4844,98.0,33.66,0.20849246173476124,1.1862296038493514,20.306878805160522,483,"40.859718,41.956768","0.932395,0.527553,0.536450,0.519278",,
157,4844,24.0,33.74,0.20849246173476124,1.1862296038493514,20.30732297897339,483,"40.859718,41.956768","0.932395,0.527553,0.536450,0.519278",,
158,4922,29.0,33.51,0.2043434617462395,1.1707748996838927,20.665558338165283,491,"41.589931,42.686523","0.927909,0.519531,0.530270,0.512337",,
159,4977,24.0,33.52,0.2023000271287771,1.1564482718333602,20.901251554489136,496,"42.013783,43.159637","0.924526,0.514921,0.525552,0.507629",,
160,4977,16.0,33.38,0.2023000271287771,1.1564482718333602,20.901251554489136,496,"42.013783,43.159637","0.924526,0.514921,0.525552,0.507629",,
161,4977,47.0,33.74,0.2023000271287771,1.1564482718333602,20.901251554489136,496,"42.013783,43.159637","0.924526,0.514921,0.525552,0.507629",,
162,4990,18.0,33.82,0.19629151402302528,1.162006447724998,20.98636794090271,498,"42.175659,43.351940","0.923057,0.513059,0.523615,0.505789",,
163,4997,23.0,33.64,0.19432859888279502,1.162006447724998,20.994699478149414,498,"42.175659,43.351940","0.923057,0.513059,0.523615,0.505789",,
164,5044,40.0,33.57,0.19238531289396707,1.2130413667485118,21.203482151031494,503,"42.632504,43.747292","0.919039,0.508411,0.520622,0.501441",,
165,5051,16.0,33.59,0.1904614597650274,1.2118989537283777,21.250413417816162,504,"42.721790,43.824482","0.918447,0.507519,0.520017,0.500632",,
166,5122,16.0,33.64,0.1885568451673771,1.236949778161943,21.548154592514038,511,"43.302685,44.427841","0.916012,0.501220,0.514960,0.495209",,
167,5225,31.0,33.46,0.18667127671570335,1.2194539627060295,22.023736476898193,521,"44.150993,45.207973","0.913244,0.492564,0.508699,0.488974",,
168,5240,112.0,34.49,0.1848045639485463,1.2214412900432945,22.1011381149292,523,"44.335377,45.352409","0.912443,0.490857,0.507828,0.487745",,
169,5295,40.0,34.7,0.18295651830906084,1.2659245189651847,22.317832708358765,528,"44.759026,45.768517","0.910560,0.486468,0.504749,0.484803",,
170,5295,37.0,34.95,0.18295651830906084,1.2659245189651847,22.317832708358765,528,"44.759026,45.768517","0.910560,0.486468,0.504749,0.484803",,
171,5295,30.0,34.56,0.18295651830906084,1.2659245189651847,22.317832708358765,528,"44.759026,45.768517","0.910560,0.486468,0.504749,0.484803",,
172,5348,47.0,34.92,0.17752252675876343,1.2664484568312764,22.53513264656067,533,"45.134911,46.223431","0.907770,0.481719,0.503412,0.481554",,
173,5395,34.0,35.06,0.1757473014911758,1.2800181097909809,22.773009777069092,538,"45.535412,46.628971","0.905288,0.476907,0.502700,0.478673",,
174,5395,12.0,35.01,0.1757473014911758,1.2800181097909809,22.773009777069092,538,"45.535412,46.628971","0.905288,0.476907,0.502700,0.478673",,
175,5409,21.0,34.92,0.1722499301915014,1.2980998329445719,22.832685470581055,539,"45.612850,46.707542","0.904770,0.475977,0.502815,0.478164",,
176,5448,28.0,34.81,0.17052743088958636,1.306737059392035,23.00248694419861,543,"45.922794,46.989502","0.903320,0.472053,0.503117,0.476528",,
177,5448,19.0,34.66,0.17052743088958636,1.306737059392035,23.00248694419861,543,"45.922794,46.989502","0.903320,0.472053,0.503117,0.476528",,
178,5470,54.0,34.82,0.1671339350148836,1.3336376046016811,23.113364219665527,546,"46.140636,47.196453","0.902140,0.469182,0.503300,0.475475",,
179,5549,19.0,34.9,0.16546259566473476,1.3591895762458444,23.41586995124817,553,"46.601871,47.717278","0.901270,0.463619,0.502102,0.472771",,
180,5572,15.0,34.73,0.16380796970808742,1.3211720299348235,23.53321647644043,556,"46.819118,47.952209","0.901277,0.461011,0.501000,0.471280",,
181,5579,36.0,34.73,0.16216989001100654,1.3211720299348235,23.5412814617157,556,"46.819118,47.952209","0.901277,0.461011,0.501000,0.471280",,
182,5594,23.0,34.58,0.16054819111089647,1.3276316967234016,23.6200692653656,558,"46.980431,48.100239","0.901170,0.459328,0.500229,0.470001",,
183,5657,33.0,34.55,0.1589427091997875,1.3234619062021376,23.897294759750366,564,"47.461803,48.527424","0.899375,0.455149,0.499114,0.467136",,
184,5680,42.0,34.73,0.15735328210778962,1.3352185006812214,24.013665676116943,567,"47.713680,48.745285","0.897709,0.452814,0.498763,0.465649",,
185,5680,26.0,34.87,0.15735328210778962,1.3352185006812214,24.013665676116943,567,"47.713680,48.745285","0.897709,0.452814,0.498763,0.465649",,
186,5726,19.0,34.72,0.1542219517938446,1.347463587038219,24.184593200683594,571,"48.032772,49.057190","0.895208,0.449317,0.497759,0.463846",,
187,5749,38.0,35.01,0.15267973227590617,1.3513812690600753,24.26051902770996,573,"48.193974,49.212795","0.893174,0.447396,0.497246,0.463036",,
188,5764,27.0,34.88,0.1511529349531471,1.3404069727286696,24.339579343795776,575,"48.369606,49.378658","0.891047,0.445293,0.496648,0.462176",,
189,5827,31.0,34.96,0.14964140560361563,1.376463908292353,24.597707271575928,581,"48.882584,49.826126","0.885809,0.439950,0.495941,0.459214",,
190,5827,18.0,34.62,0.14964140560361563,1.376463908292353,24.597707271575928,581,"48.882584,49.826126","0.885809,0.439950,0.495941,0.459214",,
191,5865,23.0,34.36,0.14666354163210368,1.367514423467219,24.771799564361572,585,"49.193851,50.179752","0.882826,0.436710,0.494657,0.456701",,
192,5888,17.0,34.06,0.14519690621578263,1.393639865256846,24.85574245452881,587,"49.349594,50.360062","0.881722,0.434893,0.493691,0.455286",,
193,5927,25.0,33.78,0.1437449371536248,1.4090511732175945,25.036842584609985,591,"49.698906,50.662762","0.879513,0.431421,0.491705,0.452182",,
194,5950,45.0,33.89,0.14230748778208857,1.430189277343452,25.168670654296875,594,"49.963997,50.873512","0.877026,0.428957,0.490697,0.449819",,
195,5989,15.0,33.74,0.14088441290426768,1.4265955040976406,25.30148673057556,597,"50.235344,51.085655","0.874699,0.426706,0.490313,0.447251",,
196,6012,23.0,33.77,0.139475568775225,1.435587793327868,25.434417009353638,600,"50.478783,51.331318","0.872019,0.424510,0.490518,0.444846",,
197,6051,50.0,33.88,0.13808081308747275,1.4499292807653545,25.60081934928894,604,"50.763123,51.680031","0.867699,0.420956,0.490813,0.442987",,
198,6066,38.0,34.02,0.136700004956598,1.4494558759406209,25.651392221450806,605,"50.834888,51.768387","0.866803,0.420124,0.490776,0.442607",,
199,6129,30.0,33.97,0.13533300490703204,1.4584002323076128,25.935096740722656,611,"51.243183,52.270679","0.861421,0.414530,0.490920,0.440259",27.6,15.317963311093287
200,6129,25.0,33.77,0.13533300490703204,1.4584002323076128,25.935096740722656,611,"51.243183,52.270679","0.861421,0.414530,0.490920,0.440259",,
201,6215,28.0,33.14,0.1326398781093821,1.4378766582533717,26.3151535987854,620,"51.924477,52.979847","0.855342,0.406703,0.487927,0.435769",,
202,6222,19.0,32.95,0.13131347932828827,1.4386522851511836,26.35238003730774,621,"52.005028,53.046909","0.855174,0.405932,0.487913,0.435495",,
203,6269,27.0,32.96,0.1300003445350054,1.4513122695311904,26.52338218688965,625,"52.333408,53.318024","0.853919,0.402581,0.488095,0.434005",,
204,6269,17.0,32.8,0.1300003445350054,1.4513122695311904,26.52338218688965,625,"52.333408,53.318024","0.853919,0.402581,0.488095,0.434005",,
205,6275,33.0,32.76,0.1274133376787588,1.4582530986890196,26.55949831008911,626,"52.426212,53.382679","0.853305,0.401818,0.488224,0.433463",,
206,6394,56.0,32.94,0.12613920430197118,1.4714957801997661,27.064557552337646,638,"53.428589,54.228848","0.848546,0.392549,0.488322,0.426908",,
207,6394,72.0,33.01,0.12613920430197118,1.4714957801997661,27.064557552337646,638,"53.428589,54.228848","0.848546,0.392549,0.488322,0.426908",,
208,6408,24.0,33.13,0.12362903413636196,1.4702866974473,27.106562852859497,639,"53.502419,54.311520","0.848177,0.391617,0.488172,0.426293",,
209,6455,23.0,32.88,0.12239274379499834,1.4724589117616416,27.299317121505737,644,"53.842506,54.749771","0.846861,0.387057,0.487910,0.424163",,
210,6470,25.0,32.78,0.12116881635704835,1.4776326010376215,27.419941186904907,646,"53.972847,54.910278","0.846174,0.385291,0.488386,0.423272",,
211,6509,36.0,32.74,0.11995712819347787,1.4958335147053003,27.547714948654175,649,"54.159901,55.123276","0.845045,0.383063,0.489752,0.422013",,
212,6509,48.0,32.76,0.11995712819347787,1.4958335147053003,27.547714948654175,649,"54.159901,55.123276","0.845045,0.383063,0.489752,0.422013",,
213,6531,17.0,32.58,0.11756998134242766,1.487837150618434,27.65474796295166,652,"54.344444,55.346127","0.843978,0.381036,0.490053,0.420309",,
214,6578,13.0,32.37,0.11639428152900338,1.4476119478419422,27.843608617782593,656,"54.627644,55.662437","0.842725,0.378353,0.489002,0.418126",,
215,6625,14.0,31.94,0.11523033871371334,1.4330107647925616,28.048295736312866,661,"55.009407,56.059715","0.840347,0.375423,0.487593,0.415544",,
216,6632,15.0,31.7,0.1140780353265762,1.4228141538053751,28.10314655303955,662,"55.086296,56.141842","0.839633,0.374882,0.487265,0.414979",,
217,6671,50.0,32.03,0.11293725497331045,1.4094212654232978,28.27776527404785,666,"55.413834,56.439457","0.837159,0.372593,0.486125,0.412457",,
218,6758,28.0,31.97,0.11180788242357734,1.4654662033542991,28.62458324432373,674,"55.999641,56.978054","0.831636,0.366920,0.485458,0.408788",,
219,6797,15.0,31.92,0.11068980359934157,1.4728638368844986,28.79188060760498,678,"56.277187,57.257282","0.828526,0.363153,0.483503,0.406978",,
220,6812,51.0,32.23,0.10958290556334815,1.5119532972574234,28.862833738327026,680,"56.410202,57.389614","0.826545,0.361380,0.482683,0.406101",,
221,6843,33.0,32.19,0.10848707650771466,1.539847507700324,28.99532699584961,683,"56.615433,57.572418","0.823872,0.358779,0.481932,0.404697",,
222,6843,49.0,32.49,0.10848707650771466,1.539847507700324,28.99532699584961,683,"56.615433,57.572418","0.823872,0.358779,0.481932,0.404697",,
223,6881,31.0,32.6,0.10632818368521114,1.5422064813226461,29.16089630126953,687,"56.902531,57.769318","0.821251,0.355627,0.482111,0.403372",,
224,6912,36.0,32.83,0.10526490184835903,1.5411331039667129,29.29300546646118,690,"57.106972,57.918411","0.819739,0.353265,0.481976,0.402484",,
225,6912,14.0,32.61,0.10526490184835903,1.5411331039667129,29.29379677772522,690,"57.106972,57.918411","0.819739,0.353265,0.481976,0.402484",,
226,6934,22.0,32.68,0.10317013030157669,1.5612733591347934,29.370426893234253,692,"57.237122,58.027710","0.818247,0.351567,0.482013,0.401756",,
227,6981,17.0,32.47,0.10213842899856092,1.562270579189062,29.585310220718384,697,"57.566544,58.349705","0.814493,0.347365,0.482095,0.399493",,
228,6996,23.0,32.24,0.10111704470857531,1.578806711435318,29.629112720489502,698,"57.630756,58.412632","0.813856,0.346672,0.482011,0.399061",,
229,7003,20.0,32.26,0.10010587426148955,1.5828470611572265,29.675135612487793,699,"57.694439,58.473278","0.813268,0.346003,0.481968,0.398588",,
230,7066,16.0,32.07,0.09910481551887466,1.5622185245901345,29.966891288757324,705,"58.069862,58.909340","0.809825,0.341960,0.481229,0.396174",,
231,7073,20.0,31.92,0.0981137673636859,1.5625471894443035,30.005571603775024,706,"58.132820,58.991169","0.809092,0.341290,0.480900,0.395620",,
232,7080,21.0,31.57,0.09713262969004904,1.5499676905572415,30.047115087509155,707,"58.198669,59.069946","0.808328,0.340576,0.480591,0.394963",,
233,7135,95.0,31.94,0.09616130339314856,1.5817200232297182,30.26528286933899,712,"58.534046,59.417210","0.805981,0.337207,0.480178,0.392219",,
234,7190,15.0,31.53,0.09519969035921708,1.5929640735313297,30.508450031280518,718,"58.981995,59.768990","0.803409,0.334366,0.481603,0.389786",,
235,7213,16.0,31.33,0.0942476934556249,1.5910277426056565,30.59701704978943,720,"59.121010,59.884357","0.802175,0.333607,0.481979,0.389063",,
236,7220,30.0,31.46,0.09330521652106866,1.5898050108738244,30.63211226463318,721,"59.186222,59.946377","0.801599,0.333202,0.482078,0.388732",,
237,7235,45.0,31.68,0.09237216435585796,1.576913177948445,30.67831778526306,722,"59.253624,60.008133","0.801060,0.332809,0.482106,0.388366",,
238,7290,36.0,31.17,0.09144844271229938,1.5395246508903802,31.006609678268433,728,"59.638008,60.377949","0.799065,0.331039,0.482975,0.386121",,
239,7305,21.0,31.05,0.0905339582851764,1.5387866348959505,31.052252769470215,729,"59.701099,60.444702","0.798813,0.330671,0.482997,0.385755",,
240,7312,40.0,31.04,0.08962861870232462,1.5476468403078616,31.084784507751465,730,"59.761211,60.513870","0.798529,0.330206,0.482826,0.385327",,
241,7351,17.0,30.83,0.08873233251530138,1.5337851455248892,31.25237774848938,734,"59.999821,60.757633","0.797419,0.328785,0.483066,0.384134",,
242,7358,36.0,31.04,0.08784500919014836,1.5337851455248892,31.260866403579712,734,"59.999821,60.757633","0.797419,0.328785,0.483066,0.384134",,
243,7429,30.0,31.16,0.08696655909824688,1.5256842122040688,31.54601001739502,741,"60.471298,61.140701","0.795043,0.326753,0.483438,0.380584",,
244,7492,32.0,31.23,0.0860968935072644,1.5787035119347275,31.814674854278564,748,"60.828030,61.541138","0.793354,0.324398,0.487524,0.378334",,
245,7499,26.0,31.01,0.08523592457219176,1.5787035119347275,31.814674854278564,748,"60.828030,61.541138","0.793354,0.324398,0.487524,0.378334",,
246,7522,26.0,30.93,0.08438356532646984,1.5813548721931874,31.93742537498474,751,"60.986694,61.721661","0.792473,0.322785,0.488615,0.376752",,
247,7545,24.0,30.74,0.08353972967320515,1.587384741511196,32.03185725212097,753,"61.091099,61.838398","0.791683,0.321549,0.488943,0.375808",,
248,7576,18.0,30.67,0.0827043323764731,1.6016628471575678,32.14660310745239,756,"61.257946,62.003853","0.790221,0.319779,0.489581,0.374496",,
249,7599,48.0,30.84,0.08187728905270836,1.5739976882003248,32.2348358631134,758,"61.385799,62.114864","0.789358,0.318699,0.490022,0.373792",34.4,28.862432329933664
250,7638,14.0,30.73,0.08105851616218128,1.545538677033037,32.407949447631836,762,"61.658970,62.370548","0.786693,0.316455,0.490099,0.372073",,
251,7669,39.0,30.97,0.08024793100055946,1.5668446328304708,32.533591508865356,765,"61.866241,62.571865","0.784731,0.314799,0.489970,0.370759",,
252,7684,24.0,30.96,0.07944545169055386,1.58320691941306,32.61082601547241,767,"61.996834,62.703266","0.783638,0.313711,0.490303,0.370019",,
253,7803,14.0,30.71,0.07865099717364833,1.5657928385399282,33.10865020751953,779,"62.797279,63.385620","0.778097,0.309260,0.493134,0.364797",,
254,7810,64.0,31.0,0.07786448720191184,1.5503360980562866,33.13664722442627,780,"62.860138,63.448318","0.777485,0.308948,0.493000,0.364178",,
255,7825,23.0,30.8,0.07708584232989273,1.5498679712228478,33.18431520462036,781,"62.921711,63.517517","0.776903,0.308540,0.492759,0.363517",,
256,7840,33.0,30.15,0.0763149839065938,1.555270162988454,33.27585434913635,783,"63.035393,63.652390","0.775887,0.307802,0.492513,0.362370",,
257,7847,22.0,30.13,0.07555183406752786,1.555270162988454,33.284473180770874,783,"63.035393,63.652390","0.775887,0.307802,0.492513,0.362370",,
258,7862,46.0,30.3,0.07479631572685258,1.552975284587592,33.349737882614136,785,"63.147301,63.792618","0.774588,0.306816,0.492174,0.361223",,
259,7941,14.0,30.2,0.07404835256958406,1.50294534066692,33.66326594352722,793,"63.539761,64.293907","0.771994,0.303256,0.492382,0.358089",,
260,7956,19.0,30.23,0.07330786904388821,1.528566438946873,33.71802735328674,794,"63.579056,64.352539","0.771790,0.302892,0.492685,0.357806",,
261,7971,16.0,29.92,0.07257479035344933,1.5273833070881664,33.79313325881958,796,"63.675182,64.470070","0.771091,0.301960,0.493065,0.357060",,
262,7994,18.0,29.92,0.07184904244991483,1.5171023922227322,33.89413356781006,798,"63.774338,64.603508","0.769827,0.300826,0.493048,0.356109",,
263,8033,11.0,29.8,0.07113055202541568,1.5652817712910474,34.0709547996521,802,"63.962158,64.818954","0.768281,0.298820,0.494523,0.355414",,
264,8040,29.0,29.69,0.07041924650516153,1.5834335553832353,34.10676622390747,803,"64.013062,64.867867","0.768012,0.298256,0.494928,0.355144",,
265,8040,56.0,30.09,0.07041924650516153,1.5834335553832353,34.10676622390747,803,"64.013062,64.867867","0.768012,0.298256,0.494928,0.355144",,
266,8046,23.0,30.16,0.06901790349970881,1.5834335553832353,34.114173889160156,803,"64.013062,64.867867","0.768012,0.298256,0.494928,0.355144",,
267,8109,14.0,29.99,0.06832772446471172,1.5438407070748508,34.34492611885071,809,"64.333435,65.153175","0.766527,0.295709,0.498322,0.354264",,
268,8140,11.0,28.98,0.0676444472200646,1.5596717905811965,34.50066614151001,813,"64.546112,65.349922","0.765729,0.294729,0.500405,0.353940",,
269,8140,23.0,28.81,0.0676444472200646,1.5596717905811965,34.50066614151001,813,"64.546112,65.349922","0.765729,0.294729,0.500405,0.353940",,
270,8154,15.0,28.59,0.06629832272038531,1.5591794781200587,34.540467500686646,814,"64.594200,65.393898","0.765724,0.294560,0.501083,0.353991",,
271,8161,15.0,28.44,0.06563533949318147,1.5586656217090786,34.58762884140015,815,"64.639175,65.436974","0.765765,0.294366,0.501798,0.354097",,
272,8168,25.0,28.22,0.06497898609824965,1.5586656217090786,34.594980001449585,815,"64.639175,65.436974","0.765765,0.294366,0.501798,0.354097",,
273,8207,12.0,28.0,0.06432919623726716,1.5779445574991404,34.758061170578,819,"64.828285,65.617653","0.765980,0.293252,0.504369,0.354501",,
274,8238,12.0,28.0,0.06368590427489448,1.5642989121936262,34.883102893829346,822,"64.995293,65.749031","0.765494,0.292464,0.506154,0.354880",,
275,8253,14.0,27.93,0.06304904523214554,1.5557414778135716,34.97688913345337,824,"65.123985,65.843575","0.764914,0.291581,0.506854,0.354814",,
276,8260,11.0,27.76,0.06241855477982408,1.5745060284994543,35.016295194625854,825,"65.182991,65.887848","0.764907,0.291084,0.507274,0.354838",,
277,8275,14.0,27.71,0.06179436923202584,1.581021688785404,35.06326866149902,826,"65.239410,65.938255","0.764560,0.290571,0.507628,0.354833",,
278,8298,33.0,27.5,0.06117642553970558,1.5985127197764815,35.13480067253113,828,"65.347198,66.034042","0.763959,0.289549,0.508572,0.355004",,
279,8305,19.0,27.5,0.06056466128430853,1.598227368798107,35.176472187042236,829,"65.397560,66.086174","0.763715,0.289074,0.509082,0.355170",,
280,8336,16.0,27.51,0.05995901467146544,1.60146441122517,35.309630393981934,832,"65.547554,66.236824","0.762494,0.287797,0.510748,0.355627",,
281,8447,18.0,27.33,0.059359424524750785,1.6754162952117622,35.776771783828735,843,"66.086670,66.817299","0.758969,0.283745,0.517474,0.355365",,
282,8462,15.0,27.25,0.05876583027950327,1.7263849162869156,35.850560426712036,845,"66.180710,66.913216","0.758759,0.283590,0.518901,0.355246",,
283,8462,19.0,27.11,0.05876583027950327,1.7263849162869156,35.850560426712036,845,"66.180710,66.913216","0.758759,0.283590,0.518901,0.355246",,
284,8476,30.0,26.99,0.05759639025694116,1.7124083274416626,35.9025502204895,846,"66.224976,66.960426","0.758680,0.283502,0.519772,0.355298",,
285,8499,31.0,27.04,0.057020426354371746,1.695635550301522,35.983192443847656,848,"66.319977,67.058418","0.758347,0.283232,0.521287,0.355379",,
286,8499,30.0,27.15,0.057020426354371746,1.695635550301522,35.983192443847656,848,"66.319977,67.058418","0.758347,0.283232,0.521287,0.355379",,
287,8529,127.0,28.04,0.05588571986991975,1.7087196878902615,36.10469841957092,851,"66.455261,67.208076","0.757598,0.283207,0.524077,0.356006",,
288,8568,15.0,27.92,0.05532686267122055,1.7614403858594596,36.267884492874146,855,"66.644234,67.387367","0.756421,0.282605,0.528017,0.356546",,
289,8591,16.0,27.77,0.05477359404450834,1.7602627615444362,36.36628746986389,858,"66.807533,67.529984","0.753869,0.281695,0.530127,0.356331",,
290,8614,19.0,27.78,0.05422585810406326,1.7808427128382027,36.45978546142578,860,"66.903923,67.632988","0.753339,0.281021,0.531343,0.356195",,
291,8653,22.0,27.77,0.05368359952302263,1.7982534903660417,36.62781000137329,864,"67.073860,67.857788","0.752523,0.279555,0.533209,0.356267",,
292,8668,21.0,27.81,0.0531467635277924,1.7977495670691133,36.675965785980225,865,"67.114998,67.911171","0.751734,0.279139,0.533676,0.356258",,
293,8675,18.0,27.74,0.05261529589251448,1.8167370857670904,36.714685916900635,866,"67.158783,67.959480","0.751027,0.278705,0.534127,0.356248",,
294,8682,14.0,27.43,0.05208914293358933,1.8389544631913304,36.758113384246826,867,"67.199593,68.005013","0.750363,0.278229,0.534628,0.356208",,
295,8745,31.0,27.59,0.05156825150425344,1.8090774326585233,36.9987690448761,873,"67.462387,68.241669","0.747867,0.276190,0.537883,0.357241",,
296,8792,17.0,27.53,0.0510525689892109,1.8861802882142364,37.20512318611145,878,"67.735313,68.396133","0.746630,0.275974,0.540758,0.358160",,
297,8815,16.0,27.19,0.050542043299318794,1.8367221457324923,37.28688192367554,880,"67.823143,68.478088","0.747204,0.275555,0.541729,0.358138",,
298,8886,27.0,27.08,0.050036622866325604,1.9406270978413522,37.56219506263733,887,"68.029655,68.835571","0.747606,0.273059,0.546459,0.357244",,
299,8901,13.0,26.91,0.04953625663766235,1.9651619124226272,37.64625358581543,889,"68.075455,68.905922","0.747494,0.272911,0.549048,0.357603",25.6,10.61319932913728
300,8948,42.0,27.08,0.04904089407128572,1.9629396586678922,37.84088850021362,893,"68.210548,69.039635","0.747384,0.272956,0.553813,0.358602",,
301,8955,35.0,27.15,0.04855048513057287,1.9633210547827185,37.880427837371826,894,"68.250038,69.065964","0.747392,0.272989,0.554857,0.358861",,
302,9002,93.0,27.89,0.04806498027926714,1.9131026642210782,38.06312537193298,899,"68.456451,69.241959","0.745407,0.271885,0.559106,0.359543",,
303,9009,15.0,27.77,0.047584330476474465,1.9131026642210782,38.07169318199158,899,"68.456451,69.241959","0.745407,0.271885,0.559106,0.359543",,
304,9016,34.0,27.94,0.04710848717170972,1.9323201888240873,38.12235975265503,900,"68.501945,69.281380","0.744232,0.271537,0.559913,0.359524",,
305,9031,27.0,27.88,0.04663740229999262,1.9511374840326607,38.20264649391174,902,"68.590569,69.374939","0.742122,0.270817,0.561231,0.359421",,
306,9046,58.0,27.9,0.046171028276992696,1.9363006655313075,38.24823808670044,903,"68.635612,69.420586","0.741163,0.270459,0.561849,0.359326",,
307,9053,12.0,27.3,0.045709317994222766,1.9190962329693138,38.28362536430359,904,"68.680809,69.467125","0.740335,0.270124,0.562427,0.359182",,
308,9148,16.0,27.22,0.04525222481428054,1.8940013910643756,38.67052865028381,913,"69.054222,69.881821","0.740632,0.268210,0.567887,0.358735",,
309,9211,26.0,27.25,0.04479970256613774,1.9354529441520572,38.94772958755493,920,"69.247467,70.189095","0.743053,0.265534,0.572341,0.359291",,
310,9226,22.0,27.22,0.044351705540476356,1.9360150685161353,38.998133182525635,921,"69.278137,70.226952","0.743200,0.265003,0.573074,0.359312",,
311,9233,28.0,27.14,0.043908188485071595,1.9369153570756317,39.03688383102417,922,"69.308426,70.263466","0.743421,0.264509,0.573869,0.359335",,
312,9240,37.0,27.03,0.04346910660022087,1.924542540051043,39.06745195388794,923,"69.335686,70.301140","0.743611,0.264006,0.574535,0.359336",,
313,9240,11.0,26.97,0.04346910660022087,1.924542540051043,39.06745195388794,923,"69.335686,70.301140","0.743611,0.264006,0.574535,0.359336",,
314,9326,11.0,26.95,0.04260407137887648,1.9648012306541205,39.408119440078735,931,"69.650940,70.513466","0.743721,0.260034,0.579562,0.359373",,
315,9326,12.0,26.93,0.04260407137887648,1.9648012306541205,39.408119440078735,931,"69.650940,70.513466","0.743721,0.260034,0.579562,0.359373",,
316,9332,11.0,26.89,0.04175625035843684,2.0043919651955364,39.443389892578125,932,"69.696259,70.531448","0.743681,0.259656,0.580269,0.359320",,
317,9332,11.0,26.5,0.04175625035843684,2.0043919651955364,39.443389892578125,932,"69.696259,70.531448","0.743681,0.259656,0.580269,0.359320",,
318,9332,55.0,26.77,0.04175625035843684,2.0043919651955364,39.443389892578125,932,"69.696259,70.531448","0.743681,0.259656,0.580269,0.359320",,
319,9385,42.0,27.04,0.0405160479665409,2.102471595183015,39.65055704116821,937,"69.909119,70.647873","0.743603,0.257747,0.584351,0.359746",,
320,9424,27.0,26.8,0.040110887486875496,2.1056896974518895,39.81303024291992,941,"70.014984,70.838921","0.743357,0.256385,0.586704,0.359749",,
321,9431,51.0,26.98,0.03970977861200674,2.073970478661358,39.84897470474243,942,"70.049507,70.884644","0.743237,0.256019,0.587154,0.359657",,
322,9438,14.0,26.63,0.039312680825886674,2.073970478661358,39.84897470474243,942,"70.049507,70.884644","0.743237,0.256019,0.587154,0.359657",,
323,9445,14.0,26.46,0.038919554017627804,2.0736645613983273,39.90660357475281,943,"70.089211,70.931091","0.742889,0.255624,0.587495,0.359537",,
324,9484,20.0,26.3,0.03853035847745152,2.080810622237623,40.06277132034302,947,"70.221054,71.079430","0.742514,0.254221,0.589583,0.358649",,
325,9484,19.0,26.35,0.03853035847745152,2.080810622237623,40.06277132034302,947,"70.221054,71.079430","0.742514,0.254221,0.589583,0.358649",,
326,9554,13.0,26.26,0.03776360434375024,2.0572784600406884,40.35136699676514,954,"70.449623,71.392059","0.741086,0.251135,0.592606,0.356018",,
327,9561,15.0,26.24,0.03738596830031274,2.0576064568012953,40.38565945625305,955,"70.479408,71.432732","0.740742,0.250457,0.593130,0.355450",,
328,9568,30.0,26.31,0.03701210861730961,2.0576064568012953,40.39918780326843,955,"70.479408,71.432732","0.740742,0.250457,0.593130,0.355450",,
329,9575,11.0,26.22,0.03664198753113651,2.057414159961045,40.43782067298889,956,"70.516708,71.469376","0.740434,0.249853,0.593579,0.354904",,
330,9575,19.0,26.25,0.03664198753113651,2.057414159961045,40.43782067298889,956,"70.516708,71.469376","0.740434,0.249853,0.593579,0.354904",,
331,9581,25.0,26.3,0.03591281197926689,2.0569961535185577,40.48175525665283,957,"70.554497,71.499619","0.740112,0.249227,0.593985,0.354338",,
332,9652,21.0,26.3,0.035553683859474224,2.0675783516466617,40.80000162124634,964,"70.855682,71.688980","0.739757,0.245753,0.596690,0.351406",,
333,9652,10.0,25.45,0.035553683859474224,2.0675783516466617,40.80000162124634,964,"70.855682,71.688980","0.739757,0.245753,0.596690,0.351406",,
334,9652,28.0,25.58,0.035553683859474224,2.0675783516466617,40.80000162124634,964,"70.855682,71.688980","0.739757,0.245753,0.596690,0.351406",,
335,9689,17.0,25.59,0.03449770389516398,2.0179836685582995,40.927090883255005,967,"70.998123,71.766129","0.739521,0.244398,0.597261,0.350760",,
336,9696,14.0,25.43,0.03415272685621234,2.038724630586803,40.960349559783936,968,"71.041290,71.787689","0.739482,0.244150,0.597748,0.350689",,
337,9743,11.0,25.09,0.03381119958765022,2.057544697932899,41.18344974517822,973,"71.214417,71.871071","0.739592,0.242205,0.602417,0.352028",,
338,9743,11.0,24.84,0.03381119958765022,2.057544697932899,41.18344974517822,973,"71.214417,71.871071","0.739592,0.242205,0.602417,0.352028",,
339,9813,20.0,24.83,0.03313835671585598,2.1313233599066734,41.49977421760559,980,"71.238136,72.119576","0.739278,0.239717,0.612157,0.355704",,
340,9836,11.0,24.54,0.03280697314869742,2.170864345245063,41.59368324279785,982,"71.240273,72.191704","0.739361,0.239055,0.614694,0.356693",,
341,9867,22.0,24.59,0.03247890341721044,2.17274148914963,41.72555208206177,985,"71.280014,72.302986","0.739209,0.237823,0.618220,0.357509",,
342,9867,15.0,24.38,0.03247890341721044,2.17274148914963,41.72555208206177,985,"71.280014,72.302986","0.739209,0.237823,0.618220,0.357509",,
343,9873,22.0,24.3,0.031832573239207955,2.1740008963644506,41.763102293014526,986,"71.307365,72.341652","0.738850,0.237284,0.619281,0.357695",,
344,9920,46.0,24.44,0.031514247506815876,2.2497667802125214,41.95011234283447,991,"71.407631,72.501694","0.737953,0.233782,0.624446,0.358925",,
345,9943,9.0,24.27,0.031199105031747717,2.2172191967070103,42.04853105545044,993,"71.449348,72.565887","0.737634,0.232313,0.626212,0.359064",,
346,9974,13.0,24.14,0.03088711398143024,2.201334426626563,42.17347598075867,996,"71.518608,72.649178","0.737018,0.230122,0.628963,0.359229",,
347,9981,13.0,24.03,0.030578242841615935,2.220367082282901,42.211283922195435,997,"71.546158,72.671677","0.736686,0.229468,0.629910,0.359246",,
348,9988,53.0,24.38,0.030272460413199778,2.220367082282901,42.226571798324585,997,"71.546158,72.671677","0.736686,0.229468,0.629910,0.359246",,
349,9995,23.0,24.13,0.02996973580906778,2.220870055221021,42.25829243659973,998,"71.575394,72.698135","0.736309,0.228803,0.630663,0.359281",15.6,4.758150901348128
350,10002,21.0,24.2,0.029670038450977102,2.2012993159890173,42.29014730453491,999,"71.605690,72.717201","0.735931,0.228160,0.631392,0.359298",,
351,10025,13.0,23.94,0.02937333806646733,2.1686923533305524,42.36982226371765,1001,"71.666527,72.748413","0.735200,0.226822,0.633139,0.359630",,
352,10025,10.0,23.8,0.02937333806646733,2.1686923533305524,42.36982226371765,1001,"71.666527,72.748413","0.735200,0.226822,0.633139,0.359630",,
353,10047,9.0,23.75,0.02878880863894463,2.1440533589199187,42.446735858917236,1003,"71.719444,72.757591","0.734758,0.225839,0.635704,0.360785",,
354,10094,14.0,23.25,0.02850092055255518,2.2046834698319433,42.654436349868774,1008,"71.856514,72.756813","0.734231,0.223907,0.643126,0.364052",,
355,10094,67.0,23.69,0.02850092055255518,2.2046834698319433,42.654436349868774,1008,"71.856514,72.756813","0.734231,0.223907,0.643126,0.364052",,
356,10108,10.0,23.46,0.027933752233559334,2.2049174384772776,42.6949508190155,1009,"71.878471,72.760880","0.734336,0.223405,0.644600,0.364870",,
357,10147,18.0,23.42,0.027654414711223742,2.208371779024601,42.857818603515625,1013,"71.951866,72.811707","0.734699,0.220609,0.650494,0.367856",,
358,10178,19.0,23.15,0.027377870564111503,2.213083088286221,42.96551966667175,1016,"71.972435,72.861649","0.734637,0.217708,0.655002,0.370087",,
359,10185,25.0,23.26,0.02710409185847039,2.194171298854053,43.01332211494446,1017,"71.978348,72.877357","0.734584,0.216716,0.656352,0.370713",,
360,10192,25.0,23.32,0.026833050939885684,2.231117165721953,43.04551315307617,1018,"71.981201,72.889725","0.734413,0.215712,0.657821,0.371255",,
361,10199,19.0,23.35,0.026564720430486827,2.231117165721953,43.04551315307617,1018,"71.981201,72.889725","0.734413,0.215712,0.657821,0.371255",,
362,10214,15.0,23.32,0.026299073226181958,2.2680848838761447,43.13433504104614,1020,"72.007866,72.910507","0.734107,0.213865,0.660543,0.372157",,
363,10261,21.0,23.42,0.026036082493920136,2.267680187560618,43.3161895275116,1025,"72.073013,72.942711","0.732566,0.208479,0.666910,0.373759",,
364,10300,24.0,23.37,0.025775721668980935,2.304609238617122,43.48729991912842,1029,"72.112289,72.989662","0.730682,0.203854,0.671515,0.374443",,
365,10307,15.0,22.96,0.025517964452291125,2.304609238617122,43.50340247154236,1029,"72.112289,72.989662","0.730682,0.203854,0.671515,0.374443",,
366,10322,13.0,22.86,0.025262784807768213,2.2907969735190274,43.58409333229065,1031,"72.131744,73.007973","0.729885,0.201449,0.673641,0.374980",,
367,10329,19.0,22.91,0.025010156959690534,2.2907969735190274,43.59681510925293,1031,"72.131744,73.007973","0.729885,0.201449,0.673641,0.374980",,
368,10352,26.0,23.06,0.024760055390093627,2.2897151432558895,43.711676836013794,1034,"72.124107,73.038551","0.729942,0.197634,0.677506,0.376961",,
369,12103,221.0,25.04,0.02451245483619269,2.1168252105824648,50.89924597740173,1209,"77.662277,78.168663","0.666204,0.008195,0.839299,0.515194",,
370,12134,228.0,27.17,0.024267330287830763,2.1562811760418117,51.019394874572754,1212,"77.767960,78.219032","0.665200,0.006715,0.841617,0.518239",,
371,12165,233.0,29.35,0.024024656984952455,2.1531291621364654,51.12934851646423,1215,"77.900856,78.245430","0.665679,0.005825,0.843326,0.521023",,
372,12540,293.0,32.03,0.02378441041510293,1.980363699272275,52.625277280807495,1253,"79.811684,80.501816","0.594729,0.003953,0.859215,0.518601",,
373,12555,296.0,34.87,0.0235465663109519,1.98192075766623,52.65735745429993,1254,"79.852722,80.551521","0.593487,0.003647,0.859727,0.518393",,
374,12706,306.0,37.81,0.02331110064784238,1.9876895067095757,53.326138734817505,1269,"80.508087,81.353409","0.580627,0.003821,0.865969,0.511389",,
375,12769,306.0,40.73,0.02307798964136396,1.960924637839198,53.61696481704712,1275,"80.760483,81.768387","0.571149,0.003874,0.868896,0.507371",,
376,12840,311.0,43.73,0.022847209744950317,1.9469523455947637,53.917091369628906,1283,"81.154465,82.199532","0.559996,0.002531,0.872345,0.504746",,
377,16103,500.0,48.59,0.022618737647500813,1.4970896415412427,66.6559636592865,1609,"94.531715,95.598503","0.355179,-0.033873,1.061283,0.530284",,
378,16134,500.0,53.26,0.022392550271025807,1.50460450604558,66.77244877815247,1612,"94.684975,95.663658","0.352887,-0.034106,1.062563,0.530478",,
379,16165,500.0,58.07,0.022168624768315548,1.4723408292233944,66.89066338539124,1615,"94.830719,95.753128","0.351433,-0.033882,1.063499,0.529766",,
380,16540,500.0,62.91,0.021946938520632394,1.3406536180526019,68.36803030967712,1653,"96.472649,97.347038","0.316948,-0.034670,1.074451,0.528636",,
381,16555,500.0,67.73,0.02172746913542607,1.3489807099848985,68.41220831871033,1654,"96.505913,97.413689","0.315972,-0.035001,1.074919,0.528942",,
382,16706,500.0,72.58,0.021510194444071807,1.2378597693890334,68.99038052558899,1669,"97.016846,97.985123","0.301669,-0.037965,1.082536,0.532098",,
383,16769,500.0,77.39,0.021295092499631088,1.227904000133276,69.24287128448486,1675,"97.125565,98.167778","0.295589,-0.040435,1.086899,0.534995",,
384,16840,500.0,82.09,0.02108214157463478,1.1734602908045053,69.53862047195435,1683,"97.359077,98.619171","0.291168,-0.041912,1.089183,0.534619",,
385,18911,343.0,85.21,0.02087132015888843,0.8647998161241413,77.66222906112671,1890,"104.110840,105.059921","0.206728,-0.036219,1.122176,0.523891",,
386,18966,354.0,88.45,0.020662606957299545,0.8530259133502841,77.86452341079712,1895,"104.228836,105.240906","0.205971,-0.034980,1.122900,0.522978",,
387,19293,399.0,91.17,0.02045598088772655,0.7590055955201387,79.15153360366821,1928,"104.927521,105.898567","0.199861,-0.030152,1.126782,0.518087",,
388,19732,361.0,94.63,0.020251421078849283,0.6431192922964692,80.89407086372375,1972,"105.897942,107.151466","0.191850,-0.015905,1.130578,0.506556",,
389,19867,387.0,98.34,0.02004890686806079,0.6119737109914422,81.40381455421448,1985,"106.326782,107.404633","0.184216,-0.013239,1.130466,0.503216",,
390,20018,433.0,102.48,0.019848417799380184,0.6495276213251054,81.99883723258972,2000,"106.550865,107.611832","0.176229,-0.013766,1.131898,0.499571",,
391,20041,438.0,106.64,0.01964993362138638,0.6409256811998785,82.12085008621216,2003,"106.611832,107.647690","0.174012,-0.013967,1.132366,0.499328",,
392,20136,429.0,110.72,0.019453434285172516,0.6056051249988377,82.49558901786804,2012,"106.718155,107.879143","0.170853,-0.012788,1.132482,0.496810",,
393,21863,362.0,114.16,0.01925889994232079,0.4671290162485093,89.6219654083252,2185,"108.956093,109.963417","0.125425,0.027457,1.114118,0.453784",,
394,22038,343.0,117.45,0.019066310942897582,0.3979983278829604,90.30233240127563,2202,"109.006790,110.027672","0.120135,0.028136,1.113200,0.452916",,
395,22125,402.0,121.16,0.01887564783346861,0.4266733490396291,90.63814449310303,2211,"109.025307,110.032028","0.120674,0.032126,1.111825,0.451111",,
396,22748,360.0,124.59,0.018686891355133923,0.3889450549194589,93.03097772598267,2273,"109.564522,110.425453","0.116696,0.044439,1.106894,0.441744",,
397,22963,365.0,128.08,0.01850002244158258,0.2825718375435099,93.89853000640869,2295,"109.682076,110.486877","0.111103,0.045380,1.106551,0.440614",,
398,22994,408.0,131.89,0.018315022217166757,0.28186399829108266,94.02324056625366,2298,"109.685127,110.511032","0.110496,0.045501,1.106518,0.440497",,
399,23033,377.0,135.53,0.018131871994995087,0.27973475619684907,94.18776869773865,2302,"109.684143,110.584511","0.109903,0.045563,1.106452,0.440241",357.6,33.31426121047861
400,23120,373.0,138.84,0.017950553275045137,0.2768578674504533,94.57526779174805,2311,"109.833931,110.557137","0.107988,0.046150,1.106242,0.438842",,
401,24175,289.0,141.38,0.017771047742294686,0.3175335317477584,98.89147019386292,2416,"109.686279,110.385048","0.094335,0.047587,1.105506,0.430939",,
402,24510,309.0,143.54,0.01759333726487174,0.24215336954686792,100.21885991096497,2450,"109.621399,110.375305","0.089512,0.047888,1.104873,0.427869",,
403,24877,344.0,146.83,0.017417403892223023,0.3383861262071878,101.67112731933594,2486,"109.626884,110.300400","0.082099,0.046784,1.104307,0.423239",,
404,25020,284.0,149.33,0.01724322985330079,0.37011875951197,102.25970029830933,2501,"109.522362,110.240707","0.080259,0.046363,1.104275,0.422414",,
405,25371,297.0,152.03,0.017070797554767782,0.40002086231950673,103.75374698638916,2536,"109.265129,109.961777","0.076116,0.045542,1.103809,0.420444",,
406,25650,336.0,154.81,0.016900089579220106,0.4313110441621393,104.8654146194458,2564,"109.187172,109.938866","0.073603,0.045577,1.103039,0.418140",,
407,25721,325.0,157.94,0.016731088683427903,0.43105289844796063,105.13965511322021,2571,"109.169762,109.901398","0.072649,0.045537,1.102950,0.417752",,
408,26008,372.0,161.5,0.016563777796593626,0.36369484520051626,106.28779721260071,2599,"108.986694,109.615250","0.067257,0.044885,1.102708,0.417370",,
409,26663,311.0,164.35,0.016398140018627688,0.3952787939249538,108.9212474822998,2665,"108.488480,109.253479","0.056401,0.040930,1.101453,0.412110",,
410,27334,307.0,167.2,0.01623415861844141,0.22662300006486474,111.54509496688843,2732,"107.764542,108.661736","0.045407,0.035177,1.100858,0.408124",,
411,27389,296.0,169.88,0.016071817032256998,0.22647904048208148,111.74284482002258,2737,"107.753159,108.641792","0.044362,0.035219,1.100840,0.407813",,
412,27660,286.0,172.37,0.015911098861934425,0.22542201225180178,112.8213152885437,2765,"107.563530,108.529442","0.040739,0.034342,1.099878,0.406687",,
413,27923,427.0,176.53,0.015751987873315082,0.25782945422688497,113.81731247901917,2791,"107.515129,108.402725","0.035920,0.032729,1.099646,0.405073",,
414,28346,337.0,179.79,0.015594467994581931,0.2876851447229274,115.42336058616638,2833,"107.425522,108.272011","0.030634,0.030858,1.098492,0.400993",,
415,28425,338.0,183.05,0.015438523314636111,0.22135183072648942,115.73480224609375,2841,"107.342377,108.338112","0.030821,0.031162,1.098189,0.400367",,
416,28608,325.0,186.19,0.01528413808148975,0.22166567587759345,116.44299149513245,2859,"107.312874,108.286552","0.029379,0.030666,1.097690,0.398188",,
417,29231,321.0,189.29,0.015131296700674854,0.25337452345062045,118.87688207626343,2922,"106.927391,107.909843","0.019826,0.026385,1.096448,0.392522",,
418,30078,302.0,191.76,0.014979983733668104,0.40694636331289075,122.11967778205872,3006,"106.132568,107.401512","0.004092,0.017938,1.096404,0.389390",,
419,30181,356.0,194.9,0.014830183896331423,0.3729955526662525,122.53510355949402,3017,"106.019371,107.352921","0.002914,0.017086,1.096420,0.389167",,
420,30228,355.0,198.18,0.014681882057368109,0.3722823242645245,122.69623732566833,3021,"105.978226,107.307198","0.001938,0.016654,1.096420,0.389079",,
421,30843,365.0,201.32,0.014535063236794427,0.5573632238525897,125.28360748291016,3083,"105.424149,106.975258","-0.011602,0.009909,1.096321,0.387726",,
422,31066,340.0,204.58,0.014389712604426484,0.5870252010028344,126.18771147727966,3105,"105.283951,106.964134","-0.015263,0.008551,1.096153,0.387195",,
423,31217,349.0,207.93,0.014245815478382218,0.586325888428837,126.8014645576477,3120,"105.237152,106.925880","-0.017220,0.008110,1.096117,0.387079",,
424,31312,338.0,211.11,0.014103357323598397,0.5859237752552144,127.22610902786255,3130,"105.201302,106.909477","-0.018315,0.008094,1.096052,0.387302",,
425,32591,420.0,215.12,0.013962323750362412,0.3259114694816526,132.55611991882324,3258,"104.698265,106.669815","-0.026987,0.000650,1.094986,0.383345",,
426,32726,331.0,218.3,0.013822700512858787,0.2948525017744396,133.12547492980957,3271,"104.755486,106.686127","-0.027973,-0.001080,1.094748,0.382512",,
427,32733,313.0,221.28,0.013684473507730199,0.29483712497982195,133.1693980693817,3272,"104.748383,106.691109","-0.027976,-0.001154,1.094741,0.382448",,
428,32972,349.0,224.47,0.013547628772652897,0.23036748976097443,134.0958127975464,3296,"104.648605,106.620842","-0.028731,-0.001898,1.094654,0.382013",,
429,33259,302.0,227.38,0.013412152484926368,0.29296954690711574,135.1914255619049,3324,"104.573318,106.586815","-0.025784,0.001266,1.094508,0.380867",,
430,34074,357.0,230.76,0.013278030960077104,0.3542389520816505,138.40432357788086,3406,"104.360992,106.537949","-0.029081,0.001294,1.094200,0.379247",,
431,34113,350.0,234.01,0.013145250650476333,0.35415723286918366,138.55105113983154,3410,"104.418091,106.487663","-0.028977,0.001505,1.094159,0.379120",,
432,34256,399.0,237.79,0.01301379814397157,0.3220109954441432,139.09029483795166,3424,"104.425415,106.509598","-0.026540,0.003148,1.094033,0.378605",,
433,35207,327.0,240.96,0.012883660162531854,0.32073841051431373,142.78762340545654,3519,"104.417885,106.523361","-0.025043,0.002847,1.092665,0.376370",,
434,35430,337.0,244.05,0.012754823560906535,0.2579448626760859,143.67419147491455,3542,"104.437126,106.528175","-0.025792,0.001697,1.092536,0.376247",,
435,35725,375.0,247.63,0.01262727532529747,0.2887513267365284,144.81539368629456,3571,"104.336639,106.494308","-0.026943,0.001198,1.092408,0.375536",,
436,35812,355.0,251.04,0.012501002572044496,0.2885237099835649,145.16017723083496,3580,"104.363487,106.505264","-0.027184,0.001017,1.092190,0.375429",,
437,35995,342.0,254.35,0.01237599254632405,0.19496077886549756,145.83942198753357,3598,"104.353889,106.488533","-0.027009,0.001292,1.091808,0.375369",,
438,37034,370.0,257.94,0.012252232620860809,0.2872116527223261,149.8000500202179,3702,"104.040321,106.398720","-0.033675,-0.002013,1.090342,0.372835",,
439,37577,433.0,262.07,0.012129710294652202,0.34919721171783746,151.75806593894958,3756,"104.009811,106.373421","-0.037584,-0.004598,1.090174,0.371626",,
440,37680,428.0,266.24,0.01200841319170568,0.3493037973874016,152.14688920974731,3767,"104.062462,106.406738","-0.037315,-0.004475,1.090103,0.370970",,
441,37823,327.0,269.29,0.011888329059788622,0.3798919338634005,152.63625812530518,3781,"104.031807,106.378227","-0.038371,-0.005205,1.090006,0.370776",,
442,38542,389.0,273.03,0.011769445769190735,0.41064425952208694,155.5374653339386,3853,"104.190445,106.415260","-0.033026,-0.000803,1.088557,0.367222",,
443,38613,350.0,276.31,0.011651751311498829,0.41073838709678967,155.8011519908905,3860,"104.145966,106.478989","-0.032451,-0.000805,1.088388,0.366926",,
444,38636,330.0,279.15,0.01153523379838384,0.4107525196584174,155.88059735298157,3862,"104.156181,106.451385","-0.032449,-0.000852,1.088343,0.366867",,
445,39299,447.0,283.53,0.011419881460400001,0.2885800044250209,158.33823013305664,3928,"104.284409,106.516090","-0.029842,-0.000607,1.086138,0.365323",,
446,40474,331.0,286.71,0.011305682645796001,0.28836592675477735,162.62945461273193,4046,"104.115738,106.376289","-0.031565,0.000613,1.084751,0.363578",,
447,40617,448.0,291.06,0.011192625819338041,0.2567511091934284,163.17640018463135,4060,"104.065666,106.346672","-0.031685,0.000752,1.084694,0.363549",,
448,41368,461.0,295.14,0.011080699561144661,0.22328508359147237,166.11448097229004,4135,"103.964745,106.276146","-0.027912,0.004414,1.084039,0.362939",,
449,41503,491.0,299.82,0.010969892565533214,0.2541820851998636,166.70522212982178,4149,"103.979141,106.268501","-0.028415,0.004495,1.083953,0.362738",419.8,26.731255114565798
450,42174,445.0,304.06,0.010860193639877882,0.28477556294179523,169.3465895652771,4216,"103.944954,106.268578","-0.031813,0.003748,1.083137,0.360713",,
451,42221,460.0,308.53,0.010751591703479103,0.2848489237984177,169.53648805618286,4221,"103.895393,106.309372","-0.031846,0.003652,1.083116,0.360645",,
452,42260,453.0,312.96,0.010644075786444312,0.2537588175700512,169.69327235221863,4225,"103.911911,106.274292","-0.032021,0.003646,1.083106,0.360536",,
453,43299,500.0,317.87,0.01053763502857987,0.25489273260172923,173.91110682487488,4328,"104.033577,106.378632","-0.028284,0.004102,1.081150,0.356952",,
454,44474,500.0,322.73,0.01043225867829407,0.19319426009780727,178.57251477241516,4446,"103.968597,106.317528","-0.026317,0.005368,1.079627,0.354100",,
455,44617,500.0,327.06,0.01032793609151113,0.1930274699558504,179.14384937286377,4460,"104.005310,106.332443","-0.024485,0.006649,1.079213,0.353699",,
456,45368,500.0,331.96,0.010224656730596018,0.19311061231041093,182.08257246017456,4535,"104.030724,106.279785","-0.022410,0.006402,1.077523,0.350152",,
457,45503,500.0,336.78,0.010122410163290057,0.1617505446416908,182.64275813102722,4549,"104.053894,106.296173","-0.023331,0.005721,1.077326,0.349853",,
458,46174,500.0,341.59,0.010021186061657156,0.16120451491355198,185.41648530960083,4616,"104.021576,106.258873","-0.027228,0.003740,1.075658,0.348360",,
459,46221,500.0,346.34,0.01,0.16162582399701933,185.61740398406982,4621,"103.904320,106.334122","-0.027742,0.003016,1.075583,0.348266",,
460,46260,500.0,351.09,0.01,0.1307511299746693,185.77644538879395,4625,"103.990616,106.256020","-0.027958,0.002718,1.075475,0.347978",,
461,47299,500.0,355.9,0.01,0.2548005603213096,189.78245997428894,4728,"103.980560,106.285744","-0.031020,0.003018,1.074393,0.345795",,
462,47874,407.0,359.82,0.01,0.2552273939765291,192.03847336769104,4786,"103.829903,106.244652","-0.027321,0.004945,1.073578,0.343119",,
463,48473,500.0,364.61,0.01,0.2560925294173649,194.3760814666748,4846,"103.910446,106.247009","-0.024290,0.007753,1.072414,0.341082",,
464,49016,456.0,368.93,0.01,0.22512199603137562,196.47079229354858,4900,"103.994896,106.263992","-0.025377,0.007919,1.071456,0.337924",,
465,49439,492.0,373.7,0.01,0.22501630116079469,198.06698155403137,4942,"103.996490,106.253616","-0.025876,0.006678,1.070809,0.336351",,
466,50174,500.0,378.57,0.01,0.19150761697615962,200.91878986358643,5016,"104.035980,106.250145","-0.026707,0.005871,1.069041,0.334654",,
467,50221,500.0,383.38,0.01,0.19139476141310297,201.11272764205933,5021,"104.040894,106.261620","-0.026072,0.006373,1.069010,0.334529",,
468,50260,500.0,388.12,0.01,0.19120211504981854,201.27678751945496,5025,"104.060196,106.256859","-0.025814,0.006558,1.068943,0.334461",,
469,51299,500.0,390.91,0.01,0.25220629268878836,205.52142643928528,5128,"103.979759,106.236572","-0.026651,0.005641,1.066910,0.331704",,
470,51874,500.0,393.63,0.01,0.3139821584074525,207.8612015247345,5186,"103.978874,106.207893","-0.026391,0.006037,1.066376,0.328265",,
471,52473,500.0,396.3,0.01,0.1901948397490196,210.33303332328796,5246,"104.004761,106.224030","-0.026708,0.007721,1.065596,0.327020",,
472,53016,500.0,398.37,0.01,0.15929836688534124,212.43922448158264,5300,"104.135658,106.302490","-0.026489,0.007391,1.064366,0.324905",,
473,53439,500.0,400.41,0.01,0.09767354175943183,214.1172969341278,5342,"104.260422,106.379166","-0.028096,0.006198,1.062715,0.324586",,
474,54174,500.0,402.35,0.01,0.13050368785567115,217.09953927993774,5416,"104.202347,106.210045","-0.029441,0.007589,1.061728,0.323098",,
475,54221,500.0,404.29,0.01,0.13065204929676838,217.29631400108337,5421,"104.091682,106.308777","-0.029081,0.007523,1.061668,0.322877",,
476,54260,500.0,406.18,0.01,0.13081498487794307,217.44863057136536,5425,"104.142029,106.224319","-0.029216,0.007728,1.061582,0.322576",,
477,55299,500.0,406.18,0.01,0.09906045595242176,221.40737915039062,5528,"104.002525,106.161232","-0.027729,0.008284,1.060423,0.319165",,
478,55874,500.0,406.18,0.01,0.16027425007196144,223.63011169433594,5586,"103.894081,106.139442","-0.033699,0.005285,1.059104,0.317034",,
479,56473,500.0,406.18,0.01,0.15943091934925177,225.93629956245422,5646,"103.838692,106.103966","-0.036239,0.003699,1.058588,0.314633",,
480,57016,500.0,406.18,0.01,0.2216295458463719,228.05061173439026,5700,"103.955566,106.106415","-0.036544,0.008079,1.057359,0.312219",,
481,57031,449.0,405.67,0.01,0.22163475652982015,228.12344098091125,5702,"103.915268,106.145958","-0.036436,0.008048,1.057340,0.312179",,
482,58174,500.0,405.67,0.01,0.1913556060171686,232.75864458084106,5816,"103.849213,106.064842","-0.041584,0.003673,1.054884,0.306788",,
483,58221,500.0,405.67,0.01,0.19144024983484997,232.9393618106842,5821,"103.937630,106.036781","-0.041438,0.003920,1.054853,0.306580",,
484,58260,500.0,405.67,0.01,0.16060690228216118,233.1059286594391,5825,"103.897346,106.098961","-0.041450,0.003717,1.054851,0.306522",,
485,59299,500.0,407.24,0.01,0.160925352567574,237.11407566070557,5928,"103.958656,106.053467","-0.044859,0.004029,1.053672,0.303718",,
486,59874,500.0,408.7,0.01,0.129339300627762,239.44173336029053,5986,"104.035873,106.101555","-0.045341,0.003906,1.052886,0.301314",,
487,60425,494.0,409.65,0.01,0.1620564926523366,241.63333296775818,6041,"104.159866,106.101837","-0.049302,0.002982,1.051112,0.298774",,
488,61016,500.0,411.04,0.01,0.16159515147155618,244.0815327167511,6100,"104.209808,106.128838","-0.053450,0.002442,1.050204,0.295772",,
489,61031,500.0,412.17,0.01,0.19251714469690343,244.1539444923401,6102,"104.148880,106.173752","-0.054131,0.002099,1.050066,0.295748",,
490,62174,500.0,412.84,0.01,0.2230204774410231,248.7095000743866,6216,"104.091705,106.064484","-0.073786,-0.001866,1.046470,0.290661",,
491,62221,500.0,413.46,0.01,0.22279977070691528,248.89326643943787,6221,"104.047623,106.090172","-0.074678,-0.002238,1.046358,0.290415",,
492,62260,500.0,414.17,0.01,0.22273225052224008,249.05275630950928,6225,"104.125946,106.044601","-0.074542,-0.001815,1.046190,0.290062",,
493,63299,500.0,415.55,0.01,0.22270206651475746,253.06233763694763,6328,"104.472198,106.200020","-0.069661,0.005229,1.042612,0.285583",,
494,63874,500.0,417.12,0.01,0.284741734675481,255.28312373161316,6386,"104.237518,106.082413","-0.071202,0.004243,1.041781,0.282852",,
495,64425,500.0,418.1,0.01,0.34576075131102696,257.3829095363617,6441,"104.092506,106.046883","-0.075232,0.002182,1.040715,0.282859",,
496,65016,500.0,419.5,0.01,0.3441634736728156,259.63023948669434,6500,"104.037651,105.963387","-0.083918,-0.001225,1.039924,0.281950",,
497,65031,500.0,420.85,0.01,0.34413891663978574,259.7097635269165,6502,"104.045288,105.958008","-0.083668,-0.001088,1.039921,0.281903",,
498,66174,500.0,421.77,0.01,0.3108076029937365,264.1264262199402,6616,"103.951675,105.908432","-0.094104,-0.004157,1.037300,0.278924",,
499,66221,500.0,423.0,0.01,0.3107906721366453,264.3180892467499,6621,"104.017128,105.883446","-0.094256,-0.004274,1.037264,0.278702",500.0,0.0
500,66260,500.0,424.27,0.01,0.31080973229778464,264.4671096801758,6625,"103.966606,105.928879","-0.094528,-0.004906,1.037215,0.278586",,
501,67299,500.0,426.38,0.01,0.12626092872495065,268.2109158039093,6728,"104.138390,105.929100","-0.091747,-0.005986,1.033235,0.274540",,
502,67874,500.0,428.29,0.01,0.18825423461850732,270.3273286819458,6786,"104.042717,105.861549","-0.095463,-0.006196,1.030294,0.274666",,
503,68425,500.0,429.85,0.01,0.1265746820703498,272.244421005249,6841,"104.051559,105.886490","-0.095663,-0.004923,1.029392,0.272160",,
504,69016,500.0,432.01,0.01,0.24963920134439832,274.2525475025177,6900,"104.028564,105.814804","-0.098348,-0.007510,1.028679,0.270313",,
505,69031,500.0,434.04,0.01,0.24963715806166875,274.31675934791565,6902,"104.019951,105.834427","-0.098279,-0.007619,1.028652,0.270342",,
506,70174,500.0,435.68,0.01,0.24986651313905894,278.30287313461304,7016,"104.117210,105.909225","-0.102787,-0.013016,1.021315,0.268346",,
507,70221,500.0,437.43,0.01,0.24983623449465087,278.47601866722107,7021,"104.127708,105.879517","-0.102192,-0.012647,1.021121,0.268279",,
508,70260,500.0,438.71,0.01,0.24984211577982932,278.60917592048645,7025,"104.123619,105.890617","-0.101701,-0.012122,1.021000,0.268501",,
509,71299,500.0,440.6,0.01,0.12670745388903015,282.144629240036,7128,"104.054138,105.848747","-0.098523,-0.009010,1.019514,0.267716",,
510,71874,500.0,442.53,0.01,0.12646461324387928,284.2668466567993,7186,"104.020218,105.832054","-0.100966,-0.008279,1.017709,0.267200",,
511,72425,500.0,444.57,0.01,0.125926292228105,286.15700507164,7241,"104.077019,105.825096","-0.096628,-0.008494,1.016931,0.265943",,
512,73016,500.0,446.71,0.01,0.1569994348261389,288.19350147247314,7300,"104.118347,105.835709","-0.095301,-0.007176,1.014162,0.262543",,
513,73031,500.0,447.44,0.01,0.15699700519588078,288.2589569091797,7302,"104.095650,105.851570","-0.095236,-0.007334,1.014080,0.262489",,
514,74174,500.0,449.07,0.01,0.12672119692237174,292.2113254070282,7416,"104.192368,105.899338","-0.088247,-0.007044,1.008499,0.260296",,
515,74221,500.0,450.69,0.01,0.12679973598285868,292.3727858066559,7421,"104.157021,105.891853","-0.088608,-0.006867,1.008391,0.260663",,
516,74260,500.0,452.44,0.01,0.12682987583197247,292.50431275367737,7425,"104.220093,105.875641","-0.088418,-0.006385,1.008321,0.260624",,
517,75299,500.0,454.23,0.01,0.28210746299904715,295.981018781662,7528,"104.014160,105.768494","-0.084787,-0.009059,1.004747,0.256636",,
518,75874,500.0,456.21,0.01,0.31300728105023157,297.8427503108978,7586,"104.027618,105.771156","-0.075530,-0.005112,1.003084,0.252956",,
519,76425,500.0,457.65,0.01,0.3128819063962146,299.5911400318146,7641,"104.109177,105.813622","-0.073137,-0.004220,1.000007,0.251448",,
520,77016,500.0,459.1,0.01,0.18852613309354638,301.447954416275,7700,"104.123337,105.863655","-0.075976,-0.003775,0.997048,0.251565",,
521,77031,500.0,460.45,0.01,0.18854385558588546,301.5058732032776,7702,"104.134956,105.856789","-0.075947,-0.003792,0.996988,0.251509",,
522,78174,500.0,462.05,0.01,0.0952834877242276,305.17395877838135,7816,"104.130409,105.864929","-0.067712,0.000262,0.993712,0.251264",,
523,78221,500.0,463.56,0.01,0.09552188488261891,305.3279917240143,7821,"104.155510,105.880226","-0.067376,-0.000443,0.993323,0.250826",,
524,78260,500.0,465.18,0.01,0.09551336248390725,305.4561491012573,7825,"104.146759,105.887985","-0.067335,-0.001191,0.992956,0.250490",,
525,79299,500.0,465.98,0.01,0.15793979552625387,309.04086470603943,7928,"104.163185,105.952530","-0.058566,0.003019,0.985267,0.245459",,
526,79874,500.0,467.67,0.01,0.12739655394230795,311.06795358657837,7986,"104.304771,106.022278","-0.055444,0.005596,0.979837,0.239733",,
527,80425,500.0,469.54,0.01,0.1583988962759031,312.9403808116913,8041,"104.224510,105.900993","-0.053831,0.005979,0.977577,0.240119",,
528,81016,500.0,471.05,0.01,0.09578156258939999,314.9898889064789,8100,"104.141716,105.857300","-0.053532,0.006976,0.975306,0.238202",,
529,81031,500.0,473.03,0.01,0.09578489966661437,315.05862164497375,8102,"104.150963,105.844398","-0.053579,0.007169,0.975220,0.238157",,
530,82174,500.0,474.46,0.01,0.31350820073799696,319.2177224159241,8216,"104.115417,105.844238","-0.051615,0.009817,0.969737,0.235009",,
531,82221,500.0,475.96,0.01,0.28239683952298944,319.4150903224945,8221,"104.110901,105.896042","-0.051764,0.009297,0.969396,0.234602",,
